time,R_roi,G_roi,B_roi,S_mean,B_R_ratio,contrast,image_path,PM25,Unit,T2M,D2M,RH,U10,V10,SP,TP,BLH,TCC,CBH,WS10,GP_500,GP_850,T_500,T_850,U_500,U_850,V_500,V_850,temperature_mean,wind_direction_mean,relative_humidity_mean,wind_speed_mean,wind_gust_max
2026-03-01 03:00:00,86.92972917731221,103.46493101686256,122.42146653040368,0.2896585499717078,1.4082807605717664,19.216036428994848,data\raw\images\20260301-0400.jpg,30.829412,ug.m-3,282.7173,281.67267,93.2005128266994,-0.7163391,0.23466492,100841.195,1.9073486e-06,39.850513,0.81347656,396.53946,0.7537966110745102,55338.402,15095.711,249.70064,275.30075,9.322769,-0.27830505,9.539322,0.77937317,11.6,73.0,76.2,0.7,2.2
2026-03-01 04:00:00,86.58558507920286,103.94111394992336,123.10496678589678,0.2955987925595012,1.4217720565324623,14.566549801332956,data\raw\images\20260301-0500.jpg,33.40903,ug.m-3,282.7107,281.8022,94.06250078370996,-1.0957794,0.17622375,100856.266,5.2452087e-06,47.587524,0.9651489,252.46167,1.1098591367954866,55323.098,15091.621,249.47983,275.04828,9.351929,-0.9198761,9.568161,0.44003296,11.3,84.0,81.4,1.3,3.1
2026-03-01 05:00:00,88.29633622892182,103.31850792028617,121.75984159427696,0.2734438084161508,1.378990855289907,13.688991279621282,data\raw\images\20260301-0600.jpg,45.526115,ug.m-3,282.703,281.8379,94.3385637444849,-1.4004059,-0.13841248,100861.08,6.67572e-06,65.21486,0.98999023,72.347595,1.407229440913798,55307.85,15081.527,249.28171,274.86044,9.384903,-1.3813629,9.57193,0.11164856,10.9,74.0,86.8,1.1,2.6
2026-03-01 06:00:00,97.6338017373531,127.31224833929484,157.80691364333163,0.3817465834014513,1.616314321668404,17.681539842646256,data\raw\images\20260301-0700.jpg,45.983295,ug.m-3,282.62634,281.76056,94.33088037487468,-1.6480255,-0.39463806,100899.97,2.861023e-06,96.78597,0.97717285,41.13127,1.6946171387811506,55315.043,15100.91,249.12534,274.77585,8.750961,-1.6464081,9.686996,-0.082336426,10.7,72.0,89.3,1.6,3.3
2026-03-01 07:00:00,112.16485947879409,144.06279509453245,172.77685743484926,0.3528713753324842,1.5403831172911282,21.163309100521055,data\raw\images\20260301-0800.jpg,47.228165,ug.m-3,282.59164,281.74936,94.47945394214888,-2.114334,-0.58273315,100929.11,1.1444092e-05,135.63661,0.9284668,146.68822,2.1931680710025216,55303.965,15117.297,248.99924,274.8416,8.000458,-1.7640991,10.09436,0.22846985,10.3,87.0,93.2,2.2,4.2
2026-03-01 08:00:00,109.8766223811957,141.50662749105774,170.27552887072048,0.3562496459410442,1.549697502807148,16.777746670031387,data\raw\images\20260301-0900.jpg,52.1715,ug.m-3,282.77997,281.8189,93.73199335894196,-2.209015,-0.41531372,100997.36,4.2915344e-06,199.91359,0.9992981,139.22426,2.2477172322703844,55325.67,15166.453,248.94133,274.8871,7.39859,-1.83255,10.542572,0.7056122,10.0,104.0,97.4,2.0,4.3
2026-03-01 09:00:00,109.48917731221258,141.2656974961676,169.48014307613695,0.3558702672827412,1.5479168415426212,21.982035214070507,data\raw\images\20260301-1000.jpg,54.74085,ug.m-3,282.811,281.69257,92.7411604075966,-2.5764923,-0.17929077,101014.69,5.722046e-06,268.47574,0.9945679,197.48627,2.582722933681908,55316.99,15178.664,249.00662,274.91394,7.230362,-2.0365295,11.188309,1.1477661,10.0,85.0,99.3,2.0,3.8
2026-03-01 10:00:00,113.1288196218702,143.67001021972408,170.0819110884006,0.3413863993042634,1.503435730642808,34.43692967560603,data\raw\images\20260301-1100.jpg,46.948944,ug.m-3,283.44806,281.8797,90.00281952272996,-2.516327,0.35028076,101048.92,2.7656555e-05,256.6872,1.0,310.7506,2.5405901247063007,55341.11,15195.609,249.18973,275.08585,8.886368,-0.4459381,11.102661,2.2855682,10.1,80.0,99.3,2.6,5.6
2026-03-01 11:00:00,122.17413898824732,152.15630045988758,178.48125191619826,0.3259736463490758,1.4608758607457148,41.229576728238015,data\raw\images\20260301-1200.jpg,49.51665,ug.m-3,283.7862,281.97794,88.58289492197683,-2.4837189,0.348114,101058.1,3.1471252e-05,280.9931,1.0,360.76483,2.507995799680137,55348.996,15208.922,249.31438,275.1754,8.796646,0.041275024,11.122299,2.7915955,10.7,85.0,93.8,2.4,5.2
2026-03-01 12:00:00,117.91885539090444,146.92776188042922,171.6555850792029,0.3257705583283044,1.455709377897625,41.553621598145554,data\raw\images\20260301-1300.jpg,36.697163,ug.m-3,284.13446,282.06512,87.06659621861576,-2.8464203,0.43870544,101014.17,2.7179718e-05,329.6452,0.98739624,444.98618,2.8800296851486937,55317.055,15181.117,249.2634,275.3391,8.054901,0.17492676,11.063492,2.684967,11.0,75.0,90.3,2.7,5.5
2026-03-01 13:00:00,120.21099642309656,150.31854879918242,173.4971691364333,0.3417719266128393,1.4432720204940142,56.55667737110097,data\raw\images\20260301-1400.jpg,30.705128,ug.m-3,284.68933,282.08633,84.04486964173707,-2.9384155,0.30940247,100958.516,4.1007996e-05,404.7103,0.9992981,512.7562,2.9546599701289407,55267.742,15140.699,249.17758,275.3308,7.346695,-0.2745819,10.862854,2.4675293,11.6,87.0,86.0,2.3,4.9
2026-03-01 14:00:00,108.6579407256004,138.78509453244763,162.59330608073583,0.3744401772956932,1.4963775633753602,55.25853853003059,data\raw\images\20260301-1500.jpg,41.791103,ug.m-3,285.00455,282.3261,83.65519559332624,-2.918396,0.28897095,100932.664,1.7166138e-05,459.2518,0.98999023,616.79126,2.932667629098105,55242.477,15123.242,249.18501,275.37698,7.0071716,-0.55851746,10.62439,2.626831,11.8,93.0,83.5,2.2,4.9
2026-03-01 15:00:00,71.67544200306591,98.26152784874807,121.91945835462442,0.421196775980071,1.7009934399625453,27.957301241467057,data\raw\images\20260301-1600.jpg,34.493423,ug.m-3,285.09003,282.5307,84.33828514381067,-2.664215,0.46720886,100929.31,7.6293945e-06,499.39517,1.0,544.8778,2.704870733526373,55222.152,15123.129,249.05223,275.4248,6.7233734,-0.4008484,10.0421295,2.6554108,12.2,91.0,80.6,1.8,4.1
2026-03-01 16:00:00,76.76499233520695,104.736060296372,131.2987583035258,0.4211142205608998,1.7103988758285722,23.83606576407714,data\raw\images\20260301-1700.jpg,36.43752,ug.m-3,284.94525,282.32605,83.98269391872181,-2.4237213,0.67626953,100905.81,5.722046e-06,458.6569,0.9880676,532.2622,2.5162999458093447,55178.668,15102.441,248.9427,275.37598,6.35585,-0.29656982,8.948166,2.5110016,12.3,97.0,79.9,1.6,3.4
2026-03-01 17:00:00,100.23370464997446,133.56756770567193,166.4864997445069,0.4030601754056068,1.6609831858945077,37.882472532401245,data\raw\images\20260301-1800.jpg,30.504715,ug.m-3,284.65192,282.17212,84.74186224689495,-1.7467041,0.4237671,100920.55,6.67572e-06,345.77844,0.99664307,462.1175,1.7973741313369402,55161.94,15109.113,248.9251,275.20758,5.894516,-0.47914124,7.3248596,2.3727417,12.3,99.0,80.9,1.9,3.6
2026-03-01 18:00:00,82.77635666836996,103.1613030148186,124.8100306591722,0.3447131111137826,1.507798049766859,32.91563598019857,data\raw\images\20260301-1900.jpg,35.936275,ug.m-3,284.34473,282.26373,87.01823742729124,-1.7753601,0.22834778,100935.24,7.1525574e-06,260.6409,0.9840393,391.3224,1.789984970133252,55137.703,15114.359,248.92421,274.9123,5.037903,-0.56126404,5.744034,2.3925476,12.0,75.0,83.5,1.6,3.5
2026-03-01 19:00:00,83.97061318344404,102.9406387327542,125.60101686254472,0.3401408782047143,1.4957734688965592,33.38410484889488,data\raw\images\20260301-2000.jpg,35.706882,ug.m-3,284.08865,282.1397,87.77228991858662,-1.8518066,-0.19438171,100971.06,1.001358e-05,213.53156,0.98999023,557.9088,1.8619806478548813,55131.773,15137.828,248.71083,274.60083,4.05571,-0.6079407,4.756912,2.6046295,11.8,54.0,84.9,1.3,2.7
2026-03-01 20:00:00,88.33613183444047,108.8413336739908,141.9639703628002,0.3796539423512272,1.6070883545340275,35.02553261778546,data\raw\images\20260301-2100.jpg,53.832523,ug.m-3,283.8349,282.11432,89.11268359267449,-1.8465271,-0.34017944,101000.66,0.00018548965,190.64543,0.9611206,1178.1947,1.8776006983469955,55120.4,15156.098,248.34738,274.28467,3.4080505,-0.20310974,4.3727264,2.8565521,11.7,74.0,84.5,1.9,3.7
2026-03-01 21:00:00,87.6727593254982,103.14304036791006,128.65327542156362,0.3218501176906425,1.467425856604938,24.909997006341776,data\raw\images\20260301-2200.jpg,43.49499,ug.m-3,283.69547,281.66534,87.25597392418935,-1.9797974,-0.40957642,101030.9,0.00020265579,186.73602,0.8161621,1265.1887,2.021719710757843,55124.42,15175.523,247.99815,274.18427,3.3385925,0.14971924,4.21257,2.8430786,11.5,77.0,85.8,1.6,3.6
2026-03-01 22:00:00,90.44065917220234,107.6588758303526,131.5808022483393,0.3154524468085052,1.454885468524938,23.81286095511221,data\raw\images\20260301-2300.jpg,47.779373,ug.m-3,283.34534,281.6353,89.136394353742,-1.7091675,-0.4368286,101012.055,0.00017929077,76.62172,0.95700073,1258.6592,1.7641067906547525,55085.49,15196.801,247.63956,274.16885,4.417282,0.077819824,5.5335083,2.5420837,11.2,79.0,87.3,1.8,3.9
2026-03-03 03:00:00,84.3417884517118,98.32816044966786,119.31319366377107,0.299021825702488,1.4146391064192614,24.78421073572062,data\raw\images\20260303-0400.jpg,36.88786,ug.m-3,282.31757,280.01376,85.50673196973648,-1.0285034,-0.99842834,101104.09,4.4345856e-05,26.307983,0.40344238,283.4019,1.4334149412946398,55171.746,15233.457,248.8448,274.4214,12.305313,1.7836761,-3.886383,1.1810303,10.5,346.0,89.8,,1.3
2026-03-03 04:00:00,84.5011957077159,100.4364997445069,121.10356668369954,0.3076256640838438,1.4331580072479784,24.74539611439617,data\raw\images\20260303-0500.jpg,41.105724,ug.m-3,281.79294,279.64304,86.3607486137966,-0.44056702,-0.08894348,101146.65,0.00011539459,16.255644,0.48660278,356.12262,0.4494554947335618,55200.664,15261.543,248.77457,274.36066,11.759171,1.8430939,-4.52861,0.52841187,10.1,329.0,92.8,,1.7
2026-03-03 05:00:00,86.15886561062851,102.55786918753194,123.82941747572816,0.3098977510318329,1.4372219870920706,25.390155194144693,data\raw\images\20260303-0600.jpg,39.34491,ug.m-3,281.1037,278.976,86.42343687753308,0.685318,-0.20852661,101144.3,9.393692e-05,19.217321,0.576416,336.7448,0.7163407765875764,55207.523,15253.816,248.74742,274.4066,11.549179,1.7662048,-4.994919,-0.2028656,9.5,317.0,95.9,0.5,1.1
2026-03-03 06:00:00,107.78975983648442,140.79888094021462,171.6374399591211,0.3764728655123566,1.5923352888730566,29.478780997332613,data\raw\images\20260303-0700.jpg,39.375263,ug.m-3,280.96854,278.5115,84.45912710839593,0.26887512,-0.6721344,101167.484,0.00010061264,18.710062,0.7351074,226.13002,0.7239188364853995,55234.844,15270.75,248.7447,274.49945,11.212631,1.2411346,-5.3977966,-0.7690735,9.5,354.0,95.1,0.5,1.2
2026-03-03 07:00:00,117.45176801226368,145.04589678078693,168.6814256515074,0.3129187299406848,1.4361761178232626,31.380845783833266,data\raw\images\20260303-0800.jpg,38.800594,ug.m-3,280.9949,278.94757,86.89439220136273,0.09043884,-0.6675873,101189.95,3.9100647e-05,19.885962,0.5627136,255.21832,0.6736853767908545,55258.227,15286.781,248.7414,274.53918,10.836639,0.7200928,-5.4254913,-0.9139404,9.3,328.0,94.7,,1.2
2026-03-03 08:00:00,127.92675012774654,157.35227899846703,180.96661216147163,0.3092736783830653,1.4146111783981752,38.162796977501294,data\raw\images\20260303-0900.jpg,42.21855,ug.m-3,283.01178,280.4687,84.19378578252429,-0.20283508,-0.21141052,101218.2,1.9073486e-06,89.56562,0.63150024,309.69012,0.2929786300146766,55299.37,15309.125,248.7631,274.6879,10.824799,0.33499146,-4.92894,-0.6606293,10.4,352.0,88.7,0.4,1.0
2026-03-03 09:00:00,131.23493101686253,161.93785385794584,185.6062902401635,0.3101250390790334,1.4143055312156882,40.50629826906057,data\raw\images\20260303-1000.jpg,42.040386,ug.m-3,284.85138,281.94394,82.35467010702564,-0.41653442,0.40829468,101246.125,0.0,306.0078,0.4890747,433.73688,0.5832713508831364,55345.477,15334.543,248.88942,274.8231,10.916672,0.2157135,-4.053238,-0.32911682,11.4,67.0,82.2,,1.2
2026-03-03 10:00:00,133.11853346959631,160.85092999489015,182.42003576903423,0.2938315007739415,1.370357903171614,45.76737048254176,data\raw\images\20260303-1100.jpg,55.801586,ug.m-3,285.3745,281.47894,77.10047760910764,-0.75315857,0.86746216,101236.74,6.866455e-05,388.85858,0.522522,506.1194,1.1487986901961154,55365.9,15354.867,248.49225,275.16638,11.267395,0.94970703,-3.729538,1.127945,12.5,143.0,76.9,,2.6
2026-03-03 11:00:00,115.47765968318856,146.37931016862544,171.72513030148187,0.3464260544533621,1.487085288059372,40.377900462925545,data\raw\images\20260303-1200.jpg,36.520554,ug.m-3,288.77527,283.20038,69.43503203821652,-0.8482666,0.74324036,101221.63,0.00010204315,426.6448,0.54122925,714.5189,1.1278131305355907,55405.95,15360.008,248.66579,274.9934,11.385162,1.4678802,-3.5106354,0.84606934,12.9,208.0,74.2,0.6,2.7
2026-03-03 12:00:00,129.6938937148697,159.19922330097089,183.4026673479816,0.3102755399749088,1.4141195138845195,44.15548488928943,data\raw\images\20260303-1300.jpg,36.21797,ug.m-3,288.98547,282.34897,64.70353443063152,-0.6326599,0.5993042,101199.09,7.343292e-05,579.7104,0.5133667,823.4252,0.8714494094355966,55410.824,15364.254,248.92354,275.1056,10.908386,2.7580109,-3.3441925,0.37086487,14.4,158.0,66.0,0.8,3.2
2026-03-03 13:00:00,99.58212570260604,130.1320439448135,156.27021972406746,0.3761477401450199,1.5692597145545588,35.37286768076484,data\raw\images\20260303-1400.jpg,37.439793,ug.m-3,289.1101,281.88623,62.2178449865579,-0.6515808,0.470932,101123.83,4.5776367e-05,712.4572,0.6208496,871.4576,0.803949306581354,55391.12,15318.195,248.90968,275.30212,10.275848,2.5344696,-3.722412,0.28530884,14.8,193.0,64.7,0.9,3.6
2026-03-03 14:00:00,117.78008686765456,147.1451814001022,169.94755748594787,0.3388732844608438,1.4429226583436758,51.35092817893467,data\raw\images\20260303-1500.jpg,44.439285,ug.m-3,289.16003,281.85596,61.89308124852479,-0.7689972,0.22254944,101072.77,2.7656555e-05,758.4968,0.44158936,942.4362,0.8005529007205917,55387.2,15291.191,249.01195,275.48642,10.136536,1.7657013,-4.1723022,-0.22486877,15.6,173.0,60.2,0.9,3.8
2026-03-03 15:00:00,90.18540623403167,116.32605518650996,137.86055186509964,0.3740838184916758,1.528634799057354,42.37596208686019,data\raw\images\20260303-1600.jpg,37.522778,ug.m-3,289.1456,281.87164,62.01580634795146,-0.63705444,0.621933,101030.445,3.0040741e-05,655.12646,0.19128418,1019.97455,0.8903027664860497,55371.14,15265.891,249.13947,275.4448,10.096893,1.2184143,-4.4513245,-0.45140076,16.5,189.0,55.9,1.0,5.1
2026-03-03 16:00:00,80.47200817577925,109.26184466019416,137.07983648441493,0.4360061542796667,1.7034474208912098,37.90321968248184,data\raw\images\20260303-1700.jpg,28.243483,ug.m-3,288.6041,281.72327,63.560849108374974,-0.57247925,1.2481995,101028.05,3.8146973e-06,274.93097,0.23529053,1098.612,1.3732204788309894,55377.12,15270.773,249.1815,276.13223,10.134689,0.5276489,-4.2961884,-0.5764923,15.6,196.0,58.0,1.2,4.1
2026-03-03 17:00:00,86.38658661216147,124.54220235053654,163.20968829841595,0.4854873600456089,1.889294308407656,37.93042746520672,data\raw\images\20260303-1800.jpg,24.450586,ug.m-3,286.8083,282.84064,76.95299866319054,-0.6804199,1.4080505,101053.42,0.0,123.57883,0.25457764,1161.2357,1.563834214636021,55395.53,15286.027,249.1902,275.86548,10.288467,-0.06163025,-3.6773682,-0.64637756,14.8,201.0,62.1,1.3,3.3
2026-03-03 18:00:00,83.42201328564128,102.96532958610118,122.03876341338784,0.3300143973948246,1.4629083756659342,34.66368184173882,data\raw\images\20260303-1900.jpg,26.642273,ug.m-3,284.79968,281.49078,80.1408521825264,-0.97190857,1.1644897,101075.67,0.0,68.066345,0.2347107,1922.2693,1.51678690983458,55414.656,15294.84,249.21912,275.78995,10.6262665,-0.6998596,-3.1711884,-0.34414673,13.8,199.0,66.4,1.4,3.1
2026-03-03 19:00:00,81.57479305058763,101.55236075625956,123.62918753193664,0.3505376502376701,1.5155317150450849,33.40213150073802,data\raw\images\20260303-2000.jpg,34.27865,ug.m-3,283.16885,280.91486,85.8880673855208,-1.5738373,0.36260986,101137.53,0.0,49.59504,0.21478271,768.3188,1.6150695828479062,55447.207,15333.359,249.23293,275.7237,10.689194,-0.63679504,-3.0805817,0.35151672,13.2,165.0,71.1,0.7,2.9
2026-03-03 20:00:00,81.5881655595299,100.7173173224323,122.64605518650995,0.3436320864551715,1.503233377563677,31.48455523242708,data\raw\images\20260303-2100.jpg,29.505129,ug.m-3,282.5435,280.5407,87.30963233556572,-1.8140564,-0.04034424,101178.42,0.0,54.617073,0.2854309,662.87415,1.814504968326661,55452.254,15353.398,249.192,275.59634,10.429077,-0.18080139,-3.0351715,0.86442566,12.6,145.0,74.0,,2.3
2026-03-03 21:00:00,85.09644353602452,104.02430761369445,127.03180889115994,0.3369797060819807,1.4927980785070591,29.854171687042527,data\raw\images\20260303-2200.jpg,38.20701,ug.m-3,282.06845,280.28253,88.57089147357247,-1.7936707,-0.3558197,101221.01,0.0,63.486675,0.4390869,621.16943,1.828623044519176,55468.19,15377.551,249.12439,275.46222,10.17337,0.31951904,-2.7789764,1.068039,12.2,79.0,76.6,0.4,1.0
2026-03-03 22:00:00,86.77071538068472,105.30182422074604,129.76764435360246,0.3368407586382364,1.495523487258991,29.133616007438352,data\raw\images\20260303-2300.jpg,37.72245,ug.m-3,282.58405,280.6264,87.58299215851922,-2.1104279,-0.19078064,101198.34,4.7683716e-07,84.30472,0.59243774,600.96924,2.1190335470910364,55467.07,15370.715,248.92705,275.4997,11.090515,2.0290985,-3.5813751,1.646286,12.0,58.0,78.2,,1.2
2026-03-04 03:00:00,83.8257741440981,99.72141032192133,120.5747266223812,0.3032914251701679,1.4383967987783106,16.89105746589143,data\raw\images\20260304-0400.jpg,40.82727,ug.m-3,280.7835,279.16617,89.49669218908039,-1.0162354,-0.95225525,101157.13,4.7683716e-07,37.950806,0.7382202,434.82153,1.3926681045266034,55427.105,15298.328,249.05899,274.82825,10.19725,0.7706604,-2.1240845,0.82406616,10.2,37.0,87.0,,1.2
2026-03-04 04:00:00,88.61628513030148,103.33454266734796,125.6396678589678,0.2956191876978636,1.417794328169284,20.800681744899297,data\raw\images\20260304-0500.jpg,43.951904,ug.m-3,280.57693,278.97797,89.59401836020604,-0.99458313,-0.24273682,101140.66,4.7683716e-07,28.107906,0.19210815,178.84036,1.023775740220635,55413.33,15276.988,249.08246,274.9478,9.613922,0.5904846,-2.5009613,0.97813416,9.7,344.0,89.3,0.3,1.6
2026-03-04 05:00:00,89.65048032703118,102.73226877874298,124.04765457332653,0.2791312646469286,1.383680854102944,21.424451539564327,data\raw\images\20260304-0600.jpg,37.53336,ug.m-3,280.12042,278.66956,90.48282902801442,-1.0180511,-0.047958374,101126.41,0.0,27.466356,0.22735596,198.4037,1.0191800860730815,55408.25,15261.68,249.11113,275.16776,8.908218,0.5454407,-2.4075928,0.7924652,9.3,86.0,90.9,0.4,0.9
2026-03-04 06:00:00,110.89252427184466,142.78926417986713,173.39620848237098,0.3652102669092071,1.563641986304336,30.656624842153462,data\raw\images\20260304-0700.jpg,44.1042,ug.m-3,280.05728,278.60623,90.47705081344228,-1.0028839,-0.047943115,101157.53,0.0,27.798416,0.23782349,111.86107,1.0040292123016707,55431.19,15281.609,249.14757,275.14423,8.435242,0.35185242,-2.2783356,0.286438,9.2,6.0,91.7,0.5,1.6
2026-03-04 07:00:00,109.90966274910578,141.6534031681145,172.68192641798672,0.3681785906753271,1.5711259640660271,29.95424602747281,data\raw\images\20260304-0800.jpg,42.36564,ug.m-3,280.55756,278.77582,88.46604231608802,-0.71810913,-0.37669373,101176.125,0.0,29.494919,0.2616577,555.04297,0.8109123804768736,55432.086,15288.574,249.2033,275.00403,7.9765167,-0.13954163,-2.4356995,0.41560364,9.5,57.0,89.9,,1.2
2026-03-04 08:00:00,106.74345937659685,137.40552376085844,164.51820132856412,0.3551003388638643,1.5412485294006284,27.339935319638755,data\raw\images\20260304-0900.jpg,48.26243,ug.m-3,281.73727,279.18915,84.01681002076356,-0.8699188,-0.04437256,101236.37,9.536743e-07,237.4377,0.3692932,562.41974,0.8710497360509293,55477.996,15335.461,249.25217,274.99133,7.4960175,-0.117630005,-2.4893188,1.0082092,11.2,72.0,83.4,0.7,1.8
2026-03-04 09:00:00,114.89879407256004,145.8627439959121,171.99191619826266,0.3376413875956234,1.496899215432569,31.18560604363336,data\raw\images\20260304-1000.jpg,57.0146,ug.m-3,283.32043,279.70654,78.2750642585447,-0.9214325,0.06915283,101246.5,0.0,355.4194,0.46850586,611.4551,0.9240237907939702,55498.883,15353.8125,249.30132,275.06287,7.0594482,0.19667053,-2.538269,1.5762634,11.9,81.0,78.7,1.1,2.4
2026-03-04 10:00:00,110.30289218191108,140.6479816044967,167.0406642820644,0.345339101668572,1.51438153128569,31.41945686842646,data\raw\images\20260304-1100.jpg,52.847588,ug.m-3,285.02094,280.0418,71.55000429703054,-0.26522827,-0.35984802,101231.6,2.9563904e-05,545.39557,0.7555237,734.90106,0.4470309079975491,55531.883,15348.516,249.26482,274.9291,5.910614,1.6451111,-2.0259247,2.690567,12.7,60.0,72.8,0.6,2.1
2026-03-04 11:00:00,108.24579969340827,138.72745017884515,164.98746550843128,0.3482081994557332,1.5241927580704602,29.24727772636132,data\raw\images\20260304-1200.jpg,48.84201,ug.m-3,286.86548,280.60226,65.89231701506537,0.2928772,0.05055237,101210.805,6.198883e-06,591.3324,0.8048401,818.14056,0.2972080018984295,55559.7,15363.168,249.32344,275.14563,6.046463,2.3740997,-1.9833069,2.297638,13.6,26.0,68.0,0.6,2.2
2026-03-04 12:00:00,117.82903934593766,148.66612672457845,174.53884517118038,0.3330256589076659,1.4812888627349148,33.93450936444302,data\raw\images\20260304-1300.jpg,48.78715,ug.m-3,287.81598,280.44464,61.29637442272647,0.70936584,-0.0789032,101140.234,1.4305115e-06,603.71124,0.9992981,971.90686,0.7137405760702874,55556.418,15328.4375,249.4381,275.28076,6.514847,2.95018,-1.45047,1.8903961,14.3,200.0,64.3,,1.9
2026-03-04 13:00:00,112.8864844149208,143.89085334695963,169.9046806336229,0.3433586149871675,1.5050931917060613,34.474737584963734,data\raw\images\20260304-1400.jpg,48.882122,ug.m-3,288.7201,280.37036,57.542869257639055,0.40486145,-0.23512268,101074.69,6.198883e-06,917.4945,0.7923584,981.6798,0.4681831568376685,55544.473,15282.93,249.64589,275.37158,7.2953796,1.7883606,-0.7534485,0.74180603,15.3,280.0,58.7,,2.2
2026-03-04 14:00:00,96.23825242718446,123.51115482881964,145.02611650485437,0.3591177148642982,1.5069487583186831,39.187105650725314,data\raw\images\20260304-1500.jpg,45.26104,ug.m-3,289.1242,280.76035,57.58833073470095,-0.14300537,0.36383057,101015.484,3.33786e-06,967.52527,0.5316162,1054.1516,0.3909261049295146,55536.582,15244.824,249.97162,275.48248,8.436111,1.1187439,-1.0160217,0.47434998,15.3,269.0,58.3,,2.0
2026-03-04 15:00:00,82.46364844149208,107.7684261624936,129.3438937148697,0.3897619259954819,1.5684958717069528,37.480121460210334,data\raw\images\20260304-1600.jpg,50.16086,ug.m-3,289.21777,280.69263,56.98164204080632,-0.35801697,1.0715027,100987.62,0.0,599.68506,0.19854736,1187.407,1.1297319093109084,55546.355,15228.125,250.12886,275.64972,9.018234,0.32655334,-2.1022644,0.06150818,15.7,233.0,54.8,0.9,2.9
2026-03-04 16:00:00,77.09685232498722,105.86800715380684,135.35253449156872,0.4566897843955524,1.755616846267586,36.176463876038326,data\raw\images\20260304-1700.jpg,42.455307,ug.m-3,289.04565,281.4204,60.53503357548911,-0.36724854,1.2775269,100941.45,0.0,489.35367,0.110443115,1370.4216,1.329265387481274,55521.88,15194.121,250.14163,275.69592,8.4357605,-0.46366882,-2.57901,-0.03819275,15.8,169.0,54.7,0.8,2.7
2026-03-04 17:00:00,84.86788962698007,124.90467041389884,164.0042718446602,0.5076142768919756,1.9324655135533928,38.44923362458516,data\raw\images\20260304-1800.jpg,45.197674,ug.m-3,288.98688,281.773,62.2313707400591,-0.5871124,1.3699951,100981.48,0.0,114.00523,0.066711426,1328.439,1.4904990923371169,55553.22,15225.555,250.11537,275.90012,7.635544,-1.0370789,-2.5734863,0.004425049,14.9,155.0,59.0,0.9,2.9
2026-03-04 18:00:00,86.01768523249872,102.18004087889626,123.88652529381709,0.3171970013681159,1.440244799877109,33.932854275055625,data\raw\images\20260304-1900.jpg,38.451912,ug.m-3,285.61078,280.05804,68.90415758671466,-0.84487915,1.1926575,101015.125,0.0,61.027763,0.058532715,1371.4358,1.461592518594349,55578.938,15245.43,250.12752,276.16144,7.191864,-1.5891266,-2.1395874,0.50231934,13.9,157.0,66.0,0.9,2.7
2026-03-04 19:00:00,84.1568778742974,102.3205160960654,126.0550434338273,0.3403437043563674,1.4978578711564616,31.87643100333083,data\raw\images\20260304-2000.jpg,45.722885,ug.m-3,284.11475,279.28168,72.10068024842009,-1.2730103,0.4635315,101060.125,0.0,51.79765,0.04953003,1261.1654,1.3547755073805918,55614.37,15273.824,250.24208,276.15424,7.127655,-1.6882172,-1.7781067,1.3399048,13.2,133.0,69.9,0.8,1.9
2026-03-04 20:00:00,84.27489013796628,101.56438426162494,126.10766990291262,0.3376791582815459,1.496384844881757,29.889526737975675,data\raw\images\20260304-2100.jpg,41.01576,ug.m-3,283.3117,279.07538,74.98622212914998,-1.3561096,0.24914551,101111.42,0.0,48.3826,0.044006348,736.4754,1.3788062707883657,55635.895,15303.48,250.3545,275.9202,7.0051575,-0.9715576,-1.6260376,2.3797302,12.8,145.0,72.2,0.9,2.8
2026-03-04 21:00:00,85.63994379151762,103.78436893203884,128.0465610628513,0.3352148036124971,1.4951733256550854,28.049683121290013,data\raw\images\20260304-2200.jpg,47.761253,ug.m-3,282.15472,279.1037,81.20036350320606,-1.7982178,0.24484253,101155.66,0.0,44.202618,0.19787598,704.97394,1.814809940664212,55644.906,15327.934,250.41457,275.76172,6.635071,0.25131226,-1.4787598,3.0845032,12.4,126.0,74.1,0.8,2.5
2026-03-04 22:00:00,82.92264179867144,100.70753704649974,126.27360245273378,0.348413163869408,1.5227879646734668,26.995854744676937,data\raw\images\20260304-2300.jpg,44.24296,ug.m-3,282.01266,280.2469,88.68844573074614,-1.885498,0.18789673,101159.375,0.0,64.08423,0.2730713,686.20764,1.894837166921921,55674.582,15343.547,250.42818,275.70618,5.4136353,0.7338562,-1.7277069,2.625946,12.1,111.0,75.2,0.6,1.9
2026-03-05 03:00:00,85.52058252427184,100.62243740419008,123.80779253960144,0.3121453696109952,1.4476958345877422,23.2921633839384,data\raw\images\20260305-0400.jpg,43.158913,ug.m-3,281.1018,279.6831,90.75421382141344,-0.7619171,0.28372192,101069.95,0.0,56.759644,0.5050659,92.22316,0.8130287788023843,55588.8,15214.055,251.14973,275.1502,7.5631866,1.1987305,0.6117401,0.24092102,8.8,74.0,97.2,1.8,4.4
2026-03-05 04:00:00,89.69327031170158,104.25303525804804,126.04529381706692,0.2919052361048601,1.405292637605278,22.759615625934792,data\raw\images\20260305-0500.jpg,43.702885,ug.m-3,281.11002,279.79785,91.42179846361948,-0.77323914,0.7111206,101077.016,0.0,66.293015,0.49526978,30.187042,1.0505195264117178,55579.496,15212.047,251.10138,275.0713,6.783676,0.79115295,0.41497803,-0.1105957,9.2,99.0,94.9,1.5,3.4
2026-03-05 05:00:00,89.66920286152273,103.6247112927951,125.5466223811957,0.2909379263891382,1.4001085877273864,24.24916057940573,data\raw\images\20260305-0600.jpg,47.8211,ug.m-3,281.30453,280.27258,93.20722329861832,-0.91752625,0.44256592,101099.03,0.0,68.141014,0.4570923,30.166397,1.0186849429458102,55592.266,15222.008,251.16905,275.0359,6.6728363,0.31628418,0.8883209,-0.093688965,9.3,105.0,92.1,1.2,3.3
2026-03-05 06:00:00,112.34497700562083,143.26446601941748,172.706969851814,0.3537820873946495,1.5372914118437329,31.226314728952623,data\raw\images\20260305-0700.jpg,39.58402,ug.m-3,281.50616,280.34378,92.39014103833412,-1.0785522,0.03265381,101107.35,4.7683716e-07,66.31296,0.51831055,30.149307,1.0790463935495804,55593.5,15219.176,251.37299,274.968,7.2414093,-0.26420593,1.3470459,0.117126465,9.2,81.0,92.1,1.3,3.2
2026-03-05 07:00:00,115.08981093510477,146.23253960143077,173.31248850281042,0.3425905640127369,1.505889058195138,32.00268693713001,data\raw\images\20260305-0800.jpg,38.31296,ug.m-3,281.7149,280.47867,91.93729424483618,-1.616745,-0.18823242,101120.89,0.0,103.239746,0.87323,457.18723,1.6276657638975076,55597.125,15221.352,251.48059,275.02884,7.259262,-0.8229065,1.6131439,0.57221985,9.4,73.0,91.8,1.7,3.2
2026-03-05 08:00:00,120.3009708737864,150.80563106796117,176.48825242718448,0.3246697292525967,1.467055915494572,33.77531957945374,data\raw\images\20260305-0900.jpg,39.072235,ug.m-3,281.97354,280.28705,89.16772766999308,-1.8990173,0.2668152,101162.87,0.0,307.9595,0.96728516,282.71136,1.917669694355712,55632.74,15253.375,251.4774,275.0639,6.643875,-0.8383484,2.0970917,1.1387787,9.8,71.0,89.5,1.8,3.8
2026-03-05 09:00:00,136.6591057741441,166.18354113438937,189.13773633111907,0.2884403723746379,1.384011214442563,37.28625591703613,data\raw\images\20260305-1000.jpg,37.93389,ug.m-3,282.6278,280.12402,84.37645984550352,-2.0638428,0.6299591,101170.39,2.3841858e-06,393.15494,1.0,379.6874,2.1578451220568757,55641.95,15263.949,251.4512,275.2208,5.683792,-0.6111145,2.7668762,1.5211487,10.4,86.0,86.8,1.4,3.9
2026-03-05 10:00:00,144.26432294328052,174.27482881962186,196.81136944302503,0.282116124460613,1.3642414428144,41.03004998968075,data\raw\images\20260305-1100.jpg,47.944126,ug.m-3,283.59973,279.63303,76.44209712370608,-1.2772827,0.40682983,101171.56,3.6239624e-05,364.91705,1.0,497.91483,1.340507965771602,55652.016,15249.891,251.35197,274.78748,3.7479706,1.3190918,3.2731476,-0.28337097,10.8,102.0,84.9,1.6,3.5
2026-03-05 11:00:00,140.83833929483905,171.1155135411344,194.5147215125192,0.296779561786978,1.381120518072784,45.877017102202586,data\raw\images\20260305-1200.jpg,43.054398,ug.m-3,283.85223,278.7224,70.5863956149875,-1.5705566,0.5950165,101155.72,6.914139e-05,499.2288,1.0,667.43823,1.6794917889277727,55675.465,15244.395,251.3569,274.8285,3.949234,0.44448853,4.9756927,-0.649353,11.0,113.0,83.0,1.3,3.4
2026-03-05 12:00:00,141.44946346448646,171.20983648441492,196.13264179867144,0.3064165707645783,1.386591618011493,53.37599516622912,data\raw\images\20260305-1300.jpg,43.666378,ug.m-3,284.24988,278.21057,66.34561332463868,-2.0005493,0.51174927,101097.83,3.6239624e-05,449.0259,1.0,740.41394,2.064966057124432,55688.88,15207.852,251.32462,275.3633,4.85524,-0.32229614,6.6862183,0.31739807,11.3,133.0,80.1,1.0,3.6
2026-03-05 13:00:00,109.2018497700562,137.5300613183444,160.46902401635157,0.3456459030128345,1.4694716516686832,46.79821449636929,data\raw\images\20260305-1400.jpg,42.888718,ug.m-3,284.82092,278.3783,64.63488543308145,-1.7923126,0.9147644,101015.37,6.198883e-06,606.20935,1.0,874.19415,2.012257032196961,55648.42,15152.969,251.59453,275.5583,5.1874695,-0.9943085,6.7957916,0.31141663,12.0,71.0,74.8,1.1,2.9
2026-03-05 14:00:00,100.65067450178846,128.33494634644865,152.51793561573837,0.3566496926360721,1.5153195431165118,37.23058303664565,data\raw\images\20260305-1500.jpg,49.205322,ug.m-3,285.50842,279.01688,64.56996105552018,-1.6703491,1.7946167,100966.95,2.861023e-06,531.81525,1.0,1006.75946,2.4516760013896004,55622.61,15121.352,251.91776,275.80505,5.7947693,-1.2124329,6.197754,0.9890747,11.9,95.0,74.8,1.0,2.7
2026-03-05 15:00:00,111.79379151762902,143.84332141032192,172.09035258048033,0.35520892648821,1.5393551708458502,30.702594494228865,data\raw\images\20260305-1600.jpg,41.48721,ug.m-3,285.51212,278.98682,64.42022965942348,-1.6271057,1.8612671,100941.414,0.0,615.2106,0.9701843,991.53784,2.472203101792994,55593.082,15104.4375,252.06967,276.0569,6.216675,-1.1468048,4.5914,1.6360474,12.3,137.0,71.5,,2.0
2026-03-05 16:00:00,115.08546244251406,146.36811446090957,174.69126724578436,0.3487702004143327,1.5179264350188224,34.28994189013268,data\raw\images\20260305-1700.jpg,44.091007,ug.m-3,285.2288,279.02863,65.82137178945297,-1.5163422,1.0661469,100897.95,0.0,526.7498,0.6482239,1219.9889,1.853635044953685,55556.71,15074.727,252.52322,276.2177,5.662506,-1.2184753,2.76799,1.9216919,12.4,107.0,72.1,1.4,3.5
2026-03-05 17:00:00,110.681665815023,142.4463924374042,173.3808788962698,0.3682112577138636,1.5664823623051594,32.99405419466674,data\raw\images\20260305-1800.jpg,49.43545,ug.m-3,284.48776,280.48923,76.42012189836112,-0.9270172,0.27793884,100901.64,0.0,193.61641,0.61169434,1082.3622,0.9677865921143904,55561.32,15076.738,253.104,276.25577,4.38649,-1.3410797,1.510086,1.794281,12.2,85.0,72.0,1.1,3.1
2026-03-05 18:00:00,88.01289729177313,107.08818599897803,133.10546244251404,0.3428107347669891,1.51234040721229,30.991837323794552,data\raw\images\20260305-1900.jpg,52.71398,ug.m-3,283.9604,280.2165,77.67808147921933,-0.60198975,0.66334534,100923.14,0.0,115.593346,0.7381897,1078.0747,0.895778264530223,55580.547,15093.27,253.32326,276.38068,3.15831,-1.2732697,0.92160034,1.6060028,11.7,118.0,74.5,1.3,3.1
2026-03-05 19:00:00,88.01013796627491,101.72789984670412,124.86917731221256,0.3017052119362503,1.418804455700972,30.959199944632665,data\raw\images\20260305-2000.jpg,42.516945,ug.m-3,283.36792,279.05875,74.61932669141639,-0.28286743,0.92263794,100939.984,0.0,69.593254,0.83477783,749.9878,0.9650257775221596,55607.06,15114.461,253.09952,276.62115,2.091919,-1.0146332,1.1634827,1.3325653,11.3,120.0,75.2,1.3,2.8
2026-03-05 20:00:00,87.25041389882473,101.51418497700564,126.24489524782832,0.3145043905617398,1.4469260162742084,29.2199516900202,data\raw\images\20260305-2100.jpg,47.95215,ug.m-3,282.36542,278.3277,75.86389139240606,0.12823486,1.0769348,100969.266,0.0,32.927452,0.8545532,715.3937,1.0845426422092677,55637.13,15143.902,252.672,276.8504,1.2488708,-0.6436615,2.1874847,1.1059418,10.6,104.0,78.7,1.0,2.4
2026-03-05 21:00:00,87.53006642820644,105.23793050587634,131.52452222789984,0.3365569350228262,1.5026210545967915,28.31596530458471,data\raw\images\20260305-2200.jpg,46.0091,ug.m-3,282.70145,279.1256,78.38610124981106,0.44026184,0.28573608,100970.65,0.0,18.382305,0.7183838,461.90942,0.5248576904018384,55645.848,15147.875,252.48328,276.97372,0.7363739,-0.3156433,2.894333,0.65341187,10.3,134.0,78.6,0.8,2.1
2026-03-05 22:00:00,85.68844660194175,102.6153653551354,125.92337250894226,0.3235203930584374,1.4695490002795752,26.718200772668247,data\raw\images\20260305-2300.jpg,46.659863,ug.m-3,281.75555,279.80447,87.54564750997937,-0.8493805,0.20864868,100996.32,0.0,32.92688,0.6984253,74.93422,0.8746322115300764,55655.066,15175.949,252.1143,277.01077,1.8688812,0.38137817,3.9060516,-1.3213806,10.5,170.0,77.2,,1.6
2026-03-06 03:00:00,128.0,128.0,128.0,0.0,0.9999999921875,0.0,data\raw\images\20260306-0400.jpg,51.892048,ug.m-3,280.63245,279.3775,91.75174187930836,0.5444336,-0.92378235,100880.414,0.0,39.525032,1.0,30.152344,1.0722787767089688,55559.68,15070.594,252.43558,276.9181,-2.5764008,-1.965271,-0.98327637,-0.39620972,9.5,293.0,81.8,,1.8
2026-03-06 04:00:00,83.80275932549822,100.27934593765968,122.89376085845682,0.3237525426889118,1.466464354886704,25.27993977730803,data\raw\images\20260306-0500.jpg,48.60586,ug.m-3,280.32587,279.21704,92.66282563046668,0.28311157,-0.7691345,100859.766,0.0,33.360573,0.99401855,30.179428,0.8195852854694958,55562.62,15060.199,252.44347,276.99133,-4.0109253,-2.3205414,-0.57901,-0.48350525,9.1,289.0,86.0,0.6,1.3
2026-03-06 05:00:00,89.66920286152273,103.6247112927951,125.5466223811957,0.2909379263891382,1.4001085877273864,24.24916057940573,data\raw\images\20260306-0600.jpg,49.08098,ug.m-3,279.85522,278.7374,92.578441443486,0.007293701,-0.093185425,100861.125,0.0,30.770355,0.9952698,30.06401,0.0934704311892698,55552.664,15055.844,252.45828,276.81714,-5.015045,-2.6624603,0.024429321,-0.18771362,9.3,289.0,85.8,0.6,1.6
2026-03-06 06:00:00,112.34497700562083,143.26446601941748,172.706969851814,0.3537820873946495,1.5372914118437329,31.226314728952623,data\raw\images\20260306-0700.jpg,55.92408,ug.m-3,279.9154,278.58203,91.20876801779116,0.056518555,-0.65267944,100881.28,0.0,20.113598,0.96099854,69.317856,0.655121972199072,55539.957,15059.836,252.49178,276.64648,-5.790802,-2.804596,0.68899536,0.3059845,9.4,297.0,84.2,,1.0
2026-03-06 07:00:00,115.08981093510477,146.23253960143077,173.31248850281042,0.3425905640127369,1.505889058195138,32.00268693713001,data\raw\images\20260306-0800.jpg,57.823444,ug.m-3,279.88702,278.3563,89.96523804345628,-0.2921753,-1.2003174,100928.59,0.0,33.426414,0.9812012,346.6482,1.2353656408824272,55574.312,15093.391,252.58711,276.72644,-6.5651855,-2.8923035,1.3161011,0.43347168,9.5,280.0,82.8,,1.2
2026-03-06 08:00:00,120.3009708737864,150.80563106796117,176.48825242718448,0.3246697292525967,1.467055915494572,33.77531957945374,data\raw\images\20260306-0900.jpg,59.53041,ug.m-3,280.8197,278.90674,87.68930652802507,-0.41532898,-0.9087372,100938.1,0.0,86.25383,0.9373474,187.93915,0.9991503692096002,55596.16,15105.156,252.71512,276.7347,-7.3360596,-3.018921,1.7575684,0.23043823,10.1,237.0,79.4,0.6,1.7
2026-03-06 09:00:00,136.6591057741441,166.18354113438937,189.13773633111907,0.2884403723746379,1.384011214442563,37.28625591703613,data\raw\images\20260306-1000.jpg,51.48406,ug.m-3,282.38974,279.8724,84.27076388390003,-0.76608276,-0.30682373,100940.29,0.0,264.72513,0.94229126,370.93875,0.8252415382543044,55607.984,15115.609,252.78943,276.6385,-8.076706,-3.1822815,2.2518463,-0.03477478,10.7,262.0,76.6,0.7,2.0
2026-03-06 10:00:00,144.26432294328052,174.27482881962186,196.81136944302503,0.282116124460613,1.3642414428144,41.03004998968075,data\raw\images\20260306-1100.jpg,54.520412,ug.m-3,285.0425,279.81238,70.3321169180942,-1.4558868,0.26805115,100962.65,0.0,529.8055,0.8845215,624.41345,1.48035731951126,55657.945,15121.789,252.77162,276.4732,-6.7514954,-3.6786346,4.175705,-1.995285,11.7,13.0,72.6,,2.1
2026-03-06 11:00:00,140.83833929483905,171.1155135411344,194.5147215125192,0.296779561786978,1.381120518072784,45.877017102202586,data\raw\images\20260306-1200.jpg,54.6071,ug.m-3,286.58118,280.45694,66.45926010705219,-1.95018,1.1456299,100920.91,0.0,683.4441,0.8641968,747.87836,2.2617846714871,55681.508,15107.398,252.9474,276.6532,-6.6950073,-3.576889,3.9768524,-1.5282898,12.8,104.0,65.8,0.1,2.8
2026-03-06 12:00:00,141.44946346448646,171.20983648441492,196.13264179867144,0.3064165707645783,1.386591618011493,53.37599516622912,data\raw\images\20260306-1300.jpg,51.80987,ug.m-3,287.59485,279.9782,60.22292754349422,-1.8838348,1.489624,100919.16,4.7683716e-07,747.06116,0.8015137,787.3517,2.401627201517138,55685.6,15125.758,252.7457,276.87973,-6.5102997,-3.3814697,4.5377655,-0.6982422,14.5,96.0,54.4,1.3,4.5
2026-03-06 13:00:00,109.2018497700562,137.5300613183444,160.46902401635157,0.3456459030128345,1.4694716516686832,46.79821449636929,data\raw\images\20260306-1400.jpg,45.190884,ug.m-3,288.1649,280.06802,58.40862377361113,-2.1673126,0.9593048,100867.016,2.3841858e-06,854.359,0.7319031,869.6421,2.3701286052494703,55642.4,15090.426,252.62825,276.86307,-6.331772,-3.2355347,5.2233276,0.32365417,16.4,100.0,47.2,1.3,3.8
2026-03-06 14:00:00,93.59151251916198,120.77311701584055,143.801057741441,0.3851484704472143,1.5364753954107075,45.561744147000354,data\raw\images\20260306-1500.jpg,43.72735,ug.m-3,288.25592,279.49652,55.83152680097788,-2.1204987,0.59529114,100810.3,7.6293945e-06,869.5285,0.43566895,963.68994,2.202472764431876,55618.684,15057.672,252.74237,276.9154,-6.3489532,-2.9807281,6.058304,0.71658325,15.9,98.0,48.5,1.2,3.9
2026-03-06 15:00:00,90.19553398058252,118.91322432294328,144.89334184977005,0.4032448640474559,1.6064358604997797,39.05012446326677,data\raw\images\20260306-1600.jpg,39.83994,ug.m-3,288.16364,279.3263,55.50875192478245,-1.9305725,0.8287811,100793.67,0.0,817.4772,0.38427734,980.7315,2.100949378132053,55617.355,15058.789,252.83138,277.20828,-6.1605835,-2.5529022,6.5270386,0.5723572,15.9,100.0,50.5,1.2,3.6
2026-03-06 16:00:00,86.55084312723557,116.1191824220746,143.70123147675014,0.4242618153191886,1.6603099938054868,39.84409429203001,data\raw\images\20260306-1700.jpg,39.337845,ug.m-3,287.5692,279.3191,57.64885439845923,-1.3007965,0.83680725,100762.5,0.0,533.94684,0.18676758,1133.9819,1.5467119667426164,55595.1,15048.957,252.83324,277.53815,-5.7619476,-2.3480988,6.6428833,-0.16963196,14.9,68.0,54.6,1.6,3.5
2026-03-06 17:00:00,92.76662749105776,127.38044455799694,162.98659172202352,0.4517314616473074,1.7569528436374575,39.761264627496,data\raw\images\20260306-1800.jpg,35.820553,ug.m-3,285.64044,280.8388,72.5399346703905,-1.3255463,0.82336426,100796.625,0.0,138.24834,0.071014404,1487.249,1.5604491975354526,55623.31,15086.238,252.79794,277.66046,-5.415146,-2.4846497,5.880417,-0.7837219,14.1,83.0,55.9,1.2,2.9
2026-03-06 18:00:00,80.90968318855391,100.33774144098108,122.48713847726113,0.3500476843109932,1.5138748804384663,34.04439653531854,data\raw\images\20260306-1900.jpg,29.017233,ug.m-3,283.53027,279.4328,75.74545565464061,-1.6435852,1.1988983,100836.766,0.0,63.597153,0.04244995,1427.4841,2.034386748728454,55647.156,15117.117,252.75558,277.65808,-5.5522156,-2.8124542,4.661438,-0.7438965,13.2,110.0,59.0,1.3,3.2
2026-03-06 19:00:00,81.56456821665815,99.10757281553398,123.79854879918244,0.3475786768572052,1.5177981075378344,31.822495547810306,data\raw\images\20260306-2000.jpg,32.631435,ug.m-3,282.52585,278.4729,75.8105252979895,-1.6159515,1.079834,100905.67,0.0,42.030975,0.028747559,1336.6809,1.943538195639141,55678.312,15164.031,252.7156,277.51025,-5.959259,-3.2627258,3.8808746,-0.54493713,12.6,140.0,64.2,0.9,2.2
2026-03-06 20:00:00,79.85564639754726,97.7855748594788,123.9914563106796,0.3615345926559448,1.552694898250715,30.18035777388419,data\raw\images\20260306-2100.jpg,33.406902,ug.m-3,282.2926,277.95026,74.25928205819503,-0.95266724,-0.11834717,100959.19,0.0,24.885723,0.027893066,1416.6893,0.959990063915365,55699.457,15195.48,252.72687,277.34387,-6.471649,-3.5517883,3.7952728,-0.36520386,12.0,153.0,69.0,0.6,2.1
2026-03-06 21:00:00,84.15148696985182,97.62615738375064,121.97677056719468,0.3178887425733427,1.4494903597057511,27.530894616214475,data\raw\images\20260306-2200.jpg,45.691784,ug.m-3,282.46545,277.8418,72.84699452533742,-0.7414551,-1.1135864,100989.3,0.0,24.634724,0.036499023,1463.166,1.337845407953015,55723.26,15215.676,252.75754,277.2564,-7.144333,-3.6443634,4.0689545,-0.28082275,11.5,97.0,73.0,0.8,1.9
2026-03-06 22:00:00,86.58428206438427,104.59502810424118,141.7581502299438,0.3883379981293981,1.6372272797423535,29.748103348910245,data\raw\images\20260306-2300.jpg,47.720264,ug.m-3,280.67792,278.25784,84.64323769622297,-0.9337921,-0.9451599,100991.89,0.0,19.889862,0.15838623,1470.5333,1.32864401650345,55731.816,15214.387,252.57253,277.52936,-6.9979706,-2.6139832,3.615036,-2.2778625,11.0,69.0,76.8,1.0,2.7
2026-03-07 03:00:00,83.82164537557486,100.85158916709248,126.84939703628002,0.3487621688740452,1.5133250481374845,30.24871429117416,data\raw\images\20260307-0400.jpg,56.562866,ug.m-3,279.2525,277.10443,86.11149758016387,0.32922363,-0.6936493,100981.41,0.0,13.500942,0.23034668,1127.9972,0.7678134864280953,55684.05,15173.617,252.33382,276.80875,-8.18103,-4.1598816,1.8842468,-0.47296143,8.3,347.0,86.9,,1.3
2026-03-07 04:00:00,83.49610117526827,101.6869851814001,127.09726622381196,0.3519819584092682,1.5221940056198031,30.213286210413425,data\raw\images\20260307-0500.jpg,48.49157,ug.m-3,278.56494,276.70154,87.78471194255542,0.40141296,-0.8256073,101001.88,0.0,14.259558,0.18356323,1054.3119,0.9180194868679268,55678.117,15186.4375,252.28546,276.62445,-8.783051,-4.3233643,1.8790436,-0.7368164,7.9,311.0,86.6,,0.8
2026-03-07 05:00:00,84.4408482370976,101.07273888605008,125.85056719468574,0.334800589067304,1.490399117627485,25.302084618244564,data\raw\images\20260307-0600.jpg,50.41593,ug.m-3,277.85083,276.09674,88.4001838206517,0.45051575,-0.8029785,100996.08,0.0,15.311406,0.060180664,659.2083,0.9207273822692104,55653.02,15179.879,252.16582,276.67737,-9.120941,-4.320877,1.8322601,-0.65771484,7.6,329.0,87.3,0.4,1.0
2026-03-07 06:00:00,119.24925907000512,148.72105263157894,176.3682422074604,0.3356415631339962,1.47898814721302,35.890787268436625,data\raw\images\20260307-0700.jpg,55.072105,ug.m-3,277.4891,276.1004,90.68720451057855,0.5088043,-0.7707062,101024.79,0.0,17.61981,0.033447266,658.9123,0.923509535639416,55662.84,15202.109,252.01723,276.8964,-9.226807,-4.1620026,1.6469116,-0.5171356,7.2,335.0,87.3,,1.0
2026-03-07 07:00:00,128.86485436893204,157.06268778742975,178.88826775677057,0.2902138310392836,1.388185066010625,38.97063743826796,data\raw\images\20260307-0800.jpg,48.488155,ug.m-3,278.62946,276.98276,89.13921153851375,0.39297485,-1.0020142,101047.25,0.0,20.497486,0.030090332,,1.0763185818957892,55676.887,15217.867,251.89246,277.1053,-9.293182,-4.074829,1.5393829,-0.3358307,7.4,338.0,86.0,,1.3
2026-03-07 08:00:00,136.7156821665815,166.62429739397035,190.14087378640775,0.2942473921831139,1.3907758742991487,40.97909262809763,data\raw\images\20260307-0900.jpg,51.25393,ug.m-3,281.47528,278.2602,80.18853247999101,0.19903564,-0.49560547,101071.56,0.0,57.480644,0.009307861,,0.5340786158274178,55704.81,15240.543,251.81828,277.2057,-9.301727,-4.0404205,1.7438507,-0.14726257,8.7,357.0,78.1,,1.4
2026-03-07 09:00:00,141.32250894225857,171.3337557485948,194.61686765457333,0.2899318067167999,1.3771115990940843,42.82952339079732,data\raw\images\20260307-1000.jpg,51.481606,ug.m-3,284.5188,279.6703,72.09974592542515,0.09448242,0.013504028,101066.78,0.0,247.5402,0.0,,0.0954425820128583,55714.703,15245.367,251.842,277.1591,-9.310303,-4.025818,1.9880524,-0.06689453,10.7,351.0,71.1,,1.2
2026-03-07 10:00:00,143.28628513030148,173.09119059785385,196.1044200306592,0.2884777428283061,1.3686196029418058,46.95767004131736,data\raw\images\20260307-1100.jpg,50.800034,ug.m-3,286.74255,280.00415,63.75730954301052,0.4901886,0.14451599,101070.97,0.0,512.6004,0.0,,0.5110476836222234,55745.91,15268.59,252.06712,276.47974,-9.892624,-3.84375,1.7030945,-0.8352356,12.3,231.0,63.7,0.9,2.9
2026-03-07 11:00:00,143.44980582524272,172.28787429739398,195.3957281553398,0.2877507355442144,1.362119144526838,49.1264851843857,data\raw\images\20260307-1200.jpg,53.710693,ug.m-3,288.14124,279.56006,56.491422759217016,0.17350769,0.7369232,101036.234,0.0,715.111,0.0033569336,,0.7570737884693778,55759.926,15263.566,252.46655,276.83563,-9.748184,-3.785736,1.3689575,-0.66171265,13.6,211.0,59.3,0.6,2.9
2026-03-07 12:00:00,136.31303525804805,165.4349412365866,189.70326520183957,0.3077284221026649,1.3916736829390322,52.13688378105551,data\raw\images\20260307-1300.jpg,46.700752,ug.m-3,289.3318,279.41806,51.83483800871558,-0.089767456,0.7742157,100986.305,0.0,889.20483,0.07809448,,0.7794024289692725,55749.36,15247.656,252.57043,277.37082,-9.554184,-3.5278015,1.2955933,-0.5797119,15.1,190.0,53.1,0.4,2.5
2026-03-07 13:00:00,130.1129688298416,160.00556974961677,183.89726622381195,0.3210674382941076,1.4133661422401478,53.65991616787141,data\raw\images\20260307-1400.jpg,54.469242,ug.m-3,290.24957,279.1942,48.15000966637541,-0.39367676,0.6237793,100909.42,0.0,1004.58575,0.119628906,,0.7376191473061064,55705.34,15200.395,252.53978,277.67996,-9.490906,-3.2144623,1.3039703,-0.553421,16.7,231.0,44.5,0.4,3.3
2026-03-07 14:00:00,108.3508635666837,137.29296371997955,162.01715891670923,0.3558506029115938,1.4953010256507648,48.03063653254783,data\raw\images\20260307-1500.jpg,41.994473,ug.m-3,290.7246,279.12042,46.488825627189605,-0.4846344,0.59721375,100849.03,0.0,979.71295,0.01739502,,0.7691129727500522,55672.934,15166.375,252.52739,277.92978,-9.517975,-3.4437408,1.297409,-0.56092834,18.0,185.0,41.0,0.2,2.7
2026-03-07 15:00:00,80.99223811957077,107.01158405723044,130.83014818599898,0.3995298148176039,1.6153417859315051,40.42609117450609,data\raw\images\20260307-1600.jpg,33.88573,ug.m-3,290.6969,278.94574,46.01112603339297,-0.5296173,0.89941406,100829.91,0.0,835.9419,0.0069274902,,1.0437624901216624,55662.65,15160.734,252.45593,277.9339,-9.67012,-3.9911804,1.4864807,-0.5618744,18.4,125.0,36.0,0.9,4.1
2026-03-07 16:00:00,78.74753193663771,106.72672457843638,131.9632600919775,0.4185367230609619,1.6757764360460476,41.59370854540208,data\raw\images\20260307-1700.jpg,36.545414,ug.m-3,289.85217,279.50055,50.43270013585827,-0.5168915,1.1388855,100805.336,0.0,497.32605,0.0007019043,,1.250694608960357,55627.695,15145.168,252.2676,277.90906,-9.728836,-4.588257,1.5999756,-0.5521393,17.6,142.0,36.5,1.5,4.3
2026-03-07 17:00:00,86.7722892181911,118.80570260602964,146.2144557996934,0.4437479523580556,1.6850362648264037,47.5466763206031,data\raw\images\20260307-1800.jpg,25.581789,ug.m-3,287.84796,280.80246,62.682470308127215,-1.1924286,1.107544,100855.03,0.0,111.29443,0.0,,1.627433463473687,55632.125,15180.117,252.0376,277.8484,-9.669067,-5.0203247,1.6947632,-0.07424927,15.8,161.0,42.5,1.2,3.7
2026-03-07 18:00:00,73.63208993357179,93.90543689320388,112.78297904956568,0.3669963023980341,1.5317095796086302,30.81823905518375,data\raw\images\20260307-1900.jpg,18.108929,ug.m-3,285.3834,280.70435,73.10161543586953,-1.7648315,1.0212555,100903.15,0.0,68.128654,0.0,,2.0390176604611594,55635.965,15206.074,251.89868,277.6129,-9.552078,-4.999817,1.9129791,0.56970215,14.8,128.0,45.8,1.3,4.0
2026-03-07 19:00:00,74.43925907000511,94.56182422074605,121.1761829330608,0.3968709524865799,1.6278531358197643,32.87563103617138,data\raw\images\20260307-2000.jpg,18.759647,ug.m-3,283.4979,279.52673,76.40193981373741,-2.2253265,0.30163574,100941.44,0.0,54.361717,0.0082092285,,2.2456763237937025,55639.074,15224.398,251.81339,277.26913,-9.422668,-4.3625336,2.2744293,1.0394592,13.9,104.0,51.7,1.0,2.4
2026-03-07 20:00:00,74.17841083290752,93.93908533469596,121.35873786407768,0.3985988296013474,1.6360385031894105,32.0606688032373,data\raw\images\20260307-2100.jpg,29.763952,ug.m-3,282.6643,278.75644,76.60035129131421,-2.198166,-0.56617737,100986.91,0.0,46.047203,0.039916992,,2.26990981711964,55641.145,15249.18,251.66257,276.96994,-9.145767,-3.4943085,2.5327606,1.0391693,13.3,66.0,55.5,0.6,2.1
2026-03-07 21:00:00,77.4420592743996,95.45234542667347,120.39936126724578,0.3674075503739271,1.5547024554955802,30.87266330551329,data\raw\images\20260307-2200.jpg,30.344273,ug.m-3,282.13803,278.23578,76.54423304945324,-2.0471497,-1.1051178,101015.91,0.0,41.195118,0.07180786,,2.326393613747882,55637.816,15264.531,251.48373,276.79218,-8.859467,-2.903717,2.559555,0.7705841,12.3,3.0,60.9,0.5,0.9
2026-03-07 22:00:00,79.42244251405212,95.88256515074092,119.17973428717424,0.3456376166398246,1.500580050349218,30.383875186806534,data\raw\images\20260307-2300.jpg,26.722551,ug.m-3,281.54636,277.99545,78.34534716442488,-1.9824219,-1.481308,101027.55,0.0,42.23018,0.1628418,,2.4747262435395982,55613.43,15281.566,251.59435,276.81357,-9.887222,-1.1575623,2.032364,0.6842804,11.6,21.0,64.9,,0.5
2026-03-08 03:00:00,86.26476239141543,102.63883495145632,125.58286152273888,0.3230005173393823,1.455783990885393,29.770341478889897,data\raw\images\20260308-0400.jpg,42.575615,ug.m-3,279.97223,276.37967,77.87293283996442,0.25390625,-0.45437622,100991.08,0.0,13.823066,0.07650757,1115.1017,0.5205056513531346,55465.773,15202.848,250.70847,275.79022,-10.089462,-1.9115906,1.9506683,-0.52679443,8.6,6.0,74.9,0.4,1.3
2026-03-08 04:00:00,86.77936126724579,101.95592743995913,125.1555748594788,0.3168317697804694,1.4422274097157983,29.554202736194515,data\raw\images\20260308-0500.jpg,37.168243,ug.m-3,279.65347,276.31335,79.22500854845498,0.29499817,-0.15222168,101006.984,0.0,12.397478,0.10940552,1013.306,0.3319568649167709,55453.926,15210.879,250.57278,275.58557,-10.351181,-2.5009003,1.8827057,-0.7841034,8.3,311.0,75.7,,0.8
2026-03-08 05:00:00,83.56031170158406,101.46461931527848,127.21280531425651,0.3511440592426457,1.522407004011187,30.1263473149664,data\raw\images\20260308-0600.jpg,48.013477,ug.m-3,279.32617,276.10175,79.82764773522665,0.23300171,-0.10623169,101001.78,0.0,12.183839,0.16378784,1008.36096,0.2560760996719143,55426.793,15199.707,250.45222,275.51306,-10.43898,-2.635559,1.9195099,-0.85124207,8.2,16.0,76.7,0.5,1.0
2026-03-08 19:00:00,75.94057741440982,95.4627593254982,119.6225600408789,0.3793459449313368,1.575212653610502,33.22165163010971,data\raw\images\20260308-2000.jpg,26.80952,ug.m-3,283.86346,279.92157,76.6154868678588,-1.5669098,0.7926636,100998.375,0.0,59.28366,0.005554199,,1.7559959863567456,55449.242,15250.445,249.90993,276.33655,-6.1595154,-3.5266266,3.187683,0.6018524,13.9,116.0,53.9,1.7,3.4
2026-03-08 20:00:00,77.79817577925397,97.00275421563616,122.3541798671436,0.3734149824184329,1.572712689839939,31.944469527450096,data\raw\images\20260308-2100.jpg,29.677956,ug.m-3,282.8133,279.20392,78.22186499617355,-2.0573578,0.44659424,101030.33,0.0,46.773167,0.018920898,,2.1052713678815893,55449.594,15266.777,249.8063,276.11484,-5.2250977,-3.4886932,3.2001953,1.0418854,13.2,109.0,60.9,1.2,2.6
2026-03-08 21:00:00,78.31790495656617,97.52492079713848,123.17102708226878,0.3739263127917034,1.5727058273312036,31.31683940794498,data\raw\images\20260308-2200.jpg,23.047232,ug.m-3,282.30893,278.7801,78.58181781232692,-1.9871826,-0.010986328,101039.94,0.0,33.87034,0.054382324,,1.9872129692475549,55423.082,15266.504,249.74768,275.83612,-4.661682,-2.8851013,2.8642426,1.4507141,12.8,83.0,65.9,1.0,1.9
2026-03-08 22:00:00,81.10669902912622,99.4077567705672,122.3833929483904,0.3476711666432966,1.5089184112341063,30.63057247384867,data\raw\images\20260308-2300.jpg,32.40183,ug.m-3,282.16077,279.2164,81.80145020177036,-1.2858582,-1.4325714,101054.125,0.0,33.23339,0.054870605,,1.925017435402911,55412.13,15293.055,249.5934,276.1604,-3.844452,-3.0531921,2.8088226,0.38298035,12.3,56.0,69.6,1.0,2.0
2026-03-09 03:00:00,81.57847726111395,97.2894992335207,119.27981093510476,0.3260492302243912,1.46214802577363,26.20265790025595,data\raw\images\20260309-0400.jpg,43.589645,ug.m-3,281.6761,279.29462,84.9816518515671,0.1628418,-0.7323456,100960.43,0.0,14.16395,0.31347656,1536.0409,0.7502316506697115,55241.117,15179.395,249.32758,275.95987,-2.414627,-3.9557648,1.27034,1.1230469,9.9,20.0,78.1,,1.1
2026-03-09 05:00:00,85.09630045988759,102.99155339805826,126.64111905978538,0.3357212911489,1.4882094390375011,29.335033113790374,data\raw\images\20260309-0600.jpg,38.24189,ug.m-3,280.3181,278.34918,87.30271848568484,0.38250732,-1.2882385,100931.234,0.0,20.788614,0.44418335,1118.5543,1.3438267309202598,55178.902,15145.773,249.04964,275.54443,-2.6466827,-4.2031555,1.2930298,1.2473907,10.2,332.0,73.9,0.5,1.2
2026-03-09 21:00:00,81.37719468574349,100.16092488502812,126.0055442003066,0.3607926902177451,1.5484134484912162,29.55208199746654,data\raw\images\20260309-2200.jpg,47.27651,ug.m-3,284.70776,280.44733,75.1008170150908,-1.7549133,-0.95047,100819.83,0.0,36.50273,0.25302124,1363.7261,1.99577401311293,55118.004,15114.391,248.63708,275.87726,4.589813,-0.20744324,-0.64611816,2.6147614,13.3,287.0,73.4,0.5,1.8
2026-03-09 22:00:00,80.787424629535,98.13713847726112,121.55914665304036,0.3447253914188173,1.504679047584352,28.416906422746624,data\raw\images\20260309-2300.jpg,38.40778,ug.m-3,284.6236,280.28177,74.66944428596018,-0.14355469,-0.3242035,100811.914,0.0,15.537851,0.786499,1343.391,0.3545643219970759,55088.824,15122.465,248.73941,276.525,3.952057,0.013000488,-1.9746552,3.184555,13.1,296.0,71.1,,1.6
2026-03-11 19:00:00,81.68722023505366,101.26288196218702,122.6780889115994,0.3461787161704431,1.5018026939439546,34.28045282523842,data\raw\images\20260311-2000.jpg,42.23345,ug.m-3,284.03107,280.53253,79.00339337867871,-0.9153137,-0.97143555,100537.5,0.0,38.13636,0.98669434,791.88464,1.3347232661535096,54917.58,14829.578,249.97134,274.65143,7.259674,3.8631592,-3.0842743,4.0169525,13.0,239.0,66.9,,2.1
2026-03-11 20:00:00,83.5234695963209,102.18231476750128,124.75656617271332,0.3388323590573205,1.493670764421141,32.14658694267727,data\raw\images\20260311-2100.jpg,37.41442,ug.m-3,283.74176,280.70575,81.49628301264151,-1.22258,-0.8170624,100534.53,0.0,38.461338,0.9701843,630.3917,1.470473672628572,54912.645,14824.285,249.93048,274.86047,6.879425,3.5667114,-2.8763428,4.212036,12.6,201.0,69.5,,1.4
2026-03-11 21:00:00,85.53779253960143,98.87117526826776,121.32026060296371,0.3070778439248779,1.4183234753044698,30.65902437686973,data\raw\images\20260311-2200.jpg,26.190094,ug.m-3,283.40253,280.90717,84.51294238653864,-1.2400208,-0.7634125,100534.45,1.4305115e-06,42.072823,0.9442444,626.82556,1.456176579123868,54908.047,14823.637,249.87558,275.17206,6.081192,3.686386,-2.3245087,4.1908875,12.7,216.0,68.2,,1.5
2026-03-11 22:00:00,80.71453755748595,98.02211548288196,120.6305007664793,0.3406797775814466,1.4945324959092057,29.659111962828405,data\raw\images\20260311-2300.jpg,32.1913,ug.m-3,283.31528,280.39066,82.0627353507894,-0.8991852,-1.6588593,100513.19,1.1444092e-05,95.45199,0.8211365,761.3219,1.8868884972609088,54864.39,14831.078,249.0789,275.22723,5.6345215,3.3846893,-0.32958984,2.7742157,12.4,357.0,70.8,0.5,1.3
2026-03-12 04:00:00,86.79213081246806,102.66671435871233,127.54058252427184,0.3279066723111935,1.4694947555827875,29.20768398363912,data\raw\images\20260312-0500.jpg,44.726974,ug.m-3,282.52673,281.14154,91.06088741141711,-0.09954834,-0.93304443,100400.55,0.00052690506,26.494864,1.0,1879.38,0.9383399066174158,54649.277,14712.086,248.46684,275.04663,-0.057785034,0.34803772,5.6451263,-1.9040527,10.6,295.0,90.4,,1.3
2026-03-12 19:00:00,75.32237608584568,96.42549310168626,117.87783852835972,0.3842608270302719,1.5649776744832835,37.48011554390709,data\raw\images\20260312-2000.jpg,16.639767,ug.m-3,285.00702,282.1805,82.82505317492644,-1.8358002,1.3492126,100572.92,0.0,51.60917,0.31323242,1073.0287,2.278275008491907,55020.254,14936.684,248.48546,277.0047,-0.8706665,-4.008728,-5.8494263,-0.732254,14.6,165.0,66.4,0.7,1.9
2026-03-12 20:00:00,76.05233520694941,95.75985692386304,118.80600919775166,0.3770366544901529,1.562161205337116,35.25927087732668,data\raw\images\20260312-2100.jpg,19.730074,ug.m-3,284.13324,281.34375,82.92512624264965,-2.0092163,0.2508545,100621.016,0.0,35.70284,0.18746948,996.23,2.024815576875074,55036.57,14961.508,248.36003,276.7473,-1.170517,-4.0766144,-6.620163,-0.46066284,14.0,201.0,70.5,0.7,1.8
2026-03-12 21:00:00,75.16769545222279,94.65408788962698,119.65738886050076,0.3854119835252905,1.5918724998650982,32.80004879729308,data\raw\images\20260312-2200.jpg,24.368057,ug.m-3,284.4647,281.9902,84.75142484642582,-1.856842,-0.21354675,100649.3,0.0,36.827156,0.19891357,654.4629,1.8690811719664728,55047.79,14971.773,248.17126,276.48187,-2.157959,-4.1485596,-7.557022,0.016525269,13.3,206.0,72.5,0.6,1.5
2026-03-12 22:00:00,79.14290751149719,93.68407256004087,118.1817731221257,0.3475892502122454,1.49327053231759,31.98004927959238,data\raw\images\20260312-2300.jpg,17.05764,ug.m-3,283.17368,281.59827,89.93923591755711,-0.27774048,-0.70059204,100648.8,0.0,14.498273,0.28903198,609.4478,0.7536371678347559,55077.832,14987.203,247.85883,276.18433,-3.7000885,-3.601715,-7.4280396,-0.52215576,12.7,297.0,75.2,,0.8
