time,T2M,D2M,RH,U10,V10,SP,TP,BLH,TCC,CBH,WS10,GP_500,GP_850,T_500,T_850,U_500,U_850,V_500,V_850
2026-03-01 00:00:00,283.19373,281.63806,90.06105066711126,-1.2540283,-0.5723114,100798.67,0.0,31.963226,0.87802124,822.22644,1.3784510567194073,55447.754,15084.211,250.34264,275.17697,9.574036,-0.010620117,14.2812805,1.9727936
2026-03-01 01:00:00,282.90924,281.53995,91.18494161306697,-0.8356018,-0.6148834,100813.67,0.0,22.768602,0.90652466,821.54565,1.0374545598525267,55419.7,15094.523,250.10312,275.4478,10.27684,0.26104736,11.280548,1.7834778
2026-03-01 02:00:00,282.85132,281.71823,92.65144892178914,-0.7748413,0.4440155,100812.016,9.536743e-07,28.508335,0.9192505,820.2612,0.8930446822113325,55359.223,15084.656,249.8767,275.47516,9.741043,0.07400513,9.810852,1.2490845
2026-03-01 03:00:00,282.7173,281.67267,93.2005128266994,-0.7163391,0.23466492,100841.195,1.9073486e-06,39.850513,0.81347656,396.53946,0.7537966110745102,55338.402,15095.711,249.70064,275.30075,9.322769,-0.27830505,9.539322,0.77937317
2026-03-01 04:00:00,282.7107,281.8022,94.06250078370995,-1.0957794,0.17622375,100856.266,5.2452087e-06,47.587524,0.9651489,252.46167,1.1098591367954866,55323.098,15091.621,249.47983,275.04828,9.351929,-0.9198761,9.568161,0.44003296
2026-03-01 05:00:00,282.703,281.8379,94.3385637444849,-1.4004059,-0.13841248,100861.08,6.67572e-06,65.21486,0.98999023,72.347595,1.407229440913798,55307.85,15081.527,249.28171,274.86044,9.384903,-1.3813629,9.57193,0.11164856
2026-03-01 06:00:00,282.62634,281.76056,94.33088037487468,-1.6480255,-0.39463806,100899.97,2.861023e-06,96.78597,0.97717285,41.13127,1.6946171387811506,55315.043,15100.91,249.12534,274.77585,8.750961,-1.6464081,9.686996,-0.082336426
2026-03-01 07:00:00,282.59164,281.74936,94.47945394214887,-2.114334,-0.58273315,100929.11,1.1444092e-05,135.63661,0.9284668,146.68822,2.1931680710025216,55303.965,15117.297,248.99924,274.8416,8.000458,-1.7640991,10.09436,0.22846985
2026-03-01 08:00:00,282.77997,281.8189,93.73199335894195,-2.209015,-0.41531372,100997.36,4.2915344e-06,199.91359,0.9992981,139.22426,2.2477172322703844,55325.67,15166.453,248.94133,274.8871,7.39859,-1.83255,10.542572,0.7056122
2026-03-01 09:00:00,282.811,281.69257,92.7411604075966,-2.5764923,-0.17929077,101014.69,5.722046e-06,268.47574,0.9945679,197.48627,2.582722933681908,55316.99,15178.664,249.00662,274.91394,7.230362,-2.0365295,11.188309,1.1477661
2026-03-01 10:00:00,283.44806,281.8797,90.00281952272996,-2.516327,0.35028076,101048.92,2.7656555e-05,256.6872,1.0,310.7506,2.5405901247063007,55341.11,15195.609,249.18973,275.08585,8.886368,-0.4459381,11.102661,2.2855682
2026-03-01 11:00:00,283.7862,281.97794,88.58289492197683,-2.4837189,0.348114,101058.1,3.1471252e-05,280.9931,1.0,360.76483,2.507995799680137,55348.996,15208.922,249.31438,275.1754,8.796646,0.041275024,11.122299,2.7915955
2026-03-01 12:00:00,284.13446,282.06512,87.06659621861576,-2.8464203,0.43870544,101014.17,2.7179718e-05,329.6452,0.98739624,444.98618,2.8800296851486937,55317.055,15181.117,249.2634,275.3391,8.054901,0.17492676,11.063492,2.684967
2026-03-01 13:00:00,284.68933,282.08633,84.04486964173707,-2.9384155,0.30940247,100958.516,4.1007996e-05,404.7103,0.9992981,512.7562,2.9546599701289407,55267.742,15140.699,249.17758,275.3308,7.346695,-0.2745819,10.862854,2.4675293
2026-03-01 14:00:00,285.00455,282.3261,83.65519559332624,-2.918396,0.28897095,100932.664,1.7166138e-05,459.2518,0.98999023,616.79126,2.932667629098105,55242.477,15123.242,249.18501,275.37698,7.0071716,-0.55851746,10.62439,2.626831
2026-03-01 15:00:00,285.09003,282.5307,84.33828514381067,-2.664215,0.46720886,100929.31,7.6293945e-06,499.39517,1.0,544.8778,2.704870733526373,55222.152,15123.129,249.05223,275.4248,6.7233734,-0.4008484,10.0421295,2.6554108
2026-03-01 16:00:00,284.94525,282.32605,83.98269391872181,-2.4237213,0.67626953,100905.81,5.722046e-06,458.6569,0.9880676,532.2622,2.5162999458093447,55178.668,15102.441,248.9427,275.37598,6.35585,-0.29656982,8.948166,2.5110016
2026-03-01 17:00:00,284.65192,282.17212,84.74186224689495,-1.7467041,0.4237671,100920.55,6.67572e-06,345.77844,0.99664307,462.1175,1.7973741313369402,55161.94,15109.113,248.9251,275.20758,5.894516,-0.47914124,7.3248596,2.3727417
2026-03-01 18:00:00,284.34473,282.26373,87.01823742729124,-1.7753601,0.22834778,100935.24,7.1525574e-06,260.6409,0.9840393,391.3224,1.789984970133252,55137.703,15114.359,248.92421,274.9123,5.037903,-0.56126404,5.744034,2.3925476
2026-03-01 19:00:00,284.08865,282.1397,87.77228991858662,-1.8518066,-0.19438171,100971.06,1.001358e-05,213.53156,0.98999023,557.9088,1.8619806478548815,55131.773,15137.828,248.71083,274.60083,4.05571,-0.6079407,4.756912,2.6046295
2026-03-01 20:00:00,283.8349,282.11432,89.11268359267449,-1.8465271,-0.34017944,101000.66,0.00018548965,190.64543,0.9611206,1178.1947,1.8776006983469953,55120.4,15156.098,248.34738,274.28467,3.4080505,-0.20310974,4.3727264,2.8565521
2026-03-01 21:00:00,283.69547,281.66534,87.25597392418935,-1.9797974,-0.40957642,101030.9,0.00020265579,186.73602,0.8161621,1265.1887,2.021719710757843,55124.42,15175.523,247.99815,274.18427,3.3385925,0.14971924,4.21257,2.8430786
2026-03-01 22:00:00,283.34534,281.6353,89.136394353742,-1.7091675,-0.4368286,101012.055,0.00017929077,76.62172,0.95700073,1258.6592,1.7641067906547523,55085.49,15196.801,247.63956,274.16885,4.417282,0.077819824,5.5335083,2.5420837
2026-03-01 23:00:00,283.2547,281.6103,89.52621625128168,-1.3770294,0.18989563,100963.984,0.00013446808,100.022644,0.7720337,1751.4084,1.3900612643899755,55073.91,15159.348,247.47786,274.24194,5.0360413,0.60357666,4.4960785,2.96846
2026-03-02 00:00:00,283.11884,281.56665,90.07668529835615,-0.9343109,0.18411255,100934.62,0.00019741058,68.01007,0.7966919,1404.6827,0.9522784723631594,55023.688,15122.145,247.27078,274.39008,5.02507,1.5018921,3.6356354,2.8146057
2026-03-02 01:00:00,282.9463,281.58026,91.20749225069278,-1.3629303,0.07345581,100949.96,0.000106334686,45.170265,0.96295166,1371.9058,1.3649083334351966,55015.84,15122.879,247.14262,274.56015,4.7423553,2.1032715,3.155136,1.8325195
2026-03-02 02:00:00,282.70862,281.4246,91.70050487631407,-1.3239441,-0.03526306,100907.86,0.00011634827,38.593334,0.9833374,153.63425,1.3244136299983378,54952.215,15078.324,247.0007,274.48972,4.1895294,2.1130676,2.7512817,1.3361206
2026-03-02 03:00:00,282.42365,281.29114,92.63105229136718,-1.0239868,-0.019317627,100893.84,7.104874e-05,54.474808,0.9895935,114.40883,1.0241689984017048,54918.29,15064.273,246.84224,274.37122,3.8068848,1.7980194,2.2031403,1.0873871
2026-03-02 04:00:00,282.41785,281.34866,93.02972571243657,-1.1844635,0.11341858,100900.01,5.1498413e-05,68.31003,0.9875183,98.172455,1.1898813206036416,54901.242,15066.215,246.7074,274.17194,2.9500732,1.1995544,1.4150391,0.9638214
2026-03-02 05:00:00,282.3886,281.46753,93.96765122047412,-1.2371521,0.31214905,100889.414,8.6307526e-05,81.71339,0.9721985,56.229538,1.2759241152789271,54871.0,15054.641,246.60417,274.03772,1.8341217,0.5197296,0.86938477,1.0063629
2026-03-02 06:00:00,282.54852,281.56476,93.5769007599468,-1.1994324,0.22877502,100916.52,0.00010108948,79.4514,0.9448242,30.297058,1.2210553189539615,54874.254,15071.559,246.51927,273.92285,0.93229675,-0.11898804,0.9170532,1.123291
2026-03-02 07:00:00,282.74045,281.75323,93.56445409850663,-1.3185425,0.32048035,100924.15,0.00013256073,111.19192,0.8595581,156.9361,1.3569310885385346,54861.74,15071.129,246.4481,273.8203,0.33621216,-0.5944977,1.0917358,1.4322205
2026-03-02 08:00:00,283.2533,282.25977,93.54992136620693,-1.1295013,0.40098572,100991.08,0.00029563904,180.9571,0.8447876,227.41737,1.1985669502975662,54904.74,15120.73,246.39333,273.88007,0.13813782,-0.26919556,1.3299103,1.700531
2026-03-02 09:00:00,283.5562,281.51617,87.18433201731878,-1.289093,0.8236847,101009.17,0.000269413,314.84708,0.979126,109.30441,1.5297768620498513,54901.242,15133.41,246.36272,273.82596,0.3061676,-0.3028717,1.3553467,2.094986
2026-03-02 10:00:00,284.25018,283.52917,95.31765235375579,-1.6780853,0.6777649,100987.99,0.00014925003,360.82986,0.9992981,117.70958,1.8097888091564993,54908.26,15123.996,246.33034,274.48645,1.3695831,0.679657,-1.2020111,5.153534
2026-03-02 11:00:00,284.50714,283.82928,95.60104880302784,-1.8929596,0.62171936,100997.484,0.0002861023,220.64049,0.9344177,107.68768,1.99244347719853,54941.953,15145.414,246.56845,274.37927,2.2186432,2.1559296,-1.7533569,5.8793335
2026-03-02 12:00:00,285.1834,283.97565,92.32140914182486,-1.7245636,0.2897339,100971.68,0.00033283234,334.33066,0.8740845,93.47089,1.748732496196651,54946.312,15139.164,246.52722,274.60992,3.2076874,3.08078,-2.2933197,5.525238
2026-03-02 13:00:00,285.87097,284.1438,89.23723489724897,-1.750061,-0.3425293,100912.58,0.00025129318,486.06955,0.8346863,116.51767,1.7832666163755464,54958.668,15102.797,246.71826,274.86267,4.387863,3.3777466,-2.91214,4.986313
2026-03-02 14:00:00,286.0354,283.99377,87.40680329103665,-2.044098,-0.85847473,100882.266,0.00022792816,616.0009,0.8411865,257.22455,2.2170510809750352,54962.945,15082.719,247.01453,274.92566,5.284973,3.4469452,-3.3796387,4.3185577
2026-03-02 15:00:00,286.1508,283.77985,85.52433652150505,-2.146759,-1.2632141,100849.51,0.00041389465,444.48636,0.5697632,327.80826,2.490840032302317,54973.4,15051.559,247.46718,274.86954,5.869568,2.6822357,-3.36734,3.7639618
2026-03-02 16:00:00,286.00333,283.84534,86.73008931925857,-1.9331818,-0.7519989,100853.88,0.0005502701,388.72888,0.5590515,360.39206,2.0742936671195933,54987.75,15064.465,247.52786,274.99048,6.485855,2.0086823,-2.3356323,3.6915283
2026-03-02 17:00:00,285.01117,283.72455,91.82796570509711,-1.856842,-0.17530823,100878.64,0.00012874603,202.49673,0.5930786,404.83405,1.8650992435979736,55001.254,15075.723,247.68082,274.8739,7.1606903,1.75914,-1.8210297,3.819107
2026-03-02 18:00:00,284.22504,283.16156,93.16081619407072,-1.8947754,-0.10749817,100934.11,1.5735626e-05,105.78554,0.4267273,669.7707,1.8978223502210394,55049.363,15121.16,247.93506,274.9182,7.9878845,1.5935974,-1.9266205,3.246704
2026-03-02 19:00:00,283.66302,282.32172,91.40719399253855,-1.8271179,-0.26507568,100975.875,9.536743e-07,98.15655,0.4941101,774.72485,1.8462461744382497,55087.996,15154.6875,248.20972,274.89362,8.542816,1.3527527,-2.5002594,2.7459106
2026-03-02 20:00:00,282.83307,281.44717,91.07722150430071,-1.464508,-0.7254181,101011.56,2.861023e-06,72.75968,0.565979,811.2367,1.634324050447649,55113.44,15182.059,248.51836,274.73425,8.871384,1.0486755,-3.385727,2.2959442
2026-03-02 21:00:00,282.79633,281.06146,88.94133582656323,-1.0827026,-0.8232422,101060.484,7.6293945e-06,60.497517,0.57888794,711.7425,1.3601369930663603,55145.773,15216.508,248.76308,274.5277,8.827896,0.7367401,-3.8793182,1.9425964
2026-03-02 22:00:00,282.84634,281.0622,88.64795306982015,-1.5038605,-1.0529175,101068.7,2.1457672e-05,113.17547,0.7307129,653.673,1.8358190720401888,55129.895,15224.4375,249.20996,274.8017,10.67453,0.32881165,-4.637924,0.95376587
2026-03-02 23:00:00,282.93292,281.1344,88.56867750150236,-1.1995392,-0.79039,101104.7,2.2411346e-05,80.485596,0.7183838,667.1952,1.4365272863529743,55149.86,15250.375,249.05031,274.71106,11.371994,0.08276367,-5.1457367,1.2667999
2026-03-03 00:00:00,282.58673,280.9382,89.44842372595222,-1.3913116,-0.64707947,101091.34,1.5258789e-05,68.070244,0.6725769,390.7155,1.5344249114212272,55157.01,15232.348,249.1244,274.66992,11.939453,0.6508026,-5.283798,1.83844
2026-03-03 01:00:00,282.36584,280.53723,88.33840004075732,-1.3820801,-0.66064453,101102.17,1.1920929e-05,51.929825,0.6589966,390.46832,1.5318605020806988,55172.215,15234.148,249.06984,274.54706,12.194458,1.3674927,-4.5749817,2.2313232
2026-03-03 02:00:00,282.23172,280.21277,87.18372733404746,-1.0375061,-0.78315735,101104.016,1.1444092e-05,47.110245,0.46783447,406.95978,1.2999055128724675,55180.85,15236.047,248.95123,274.60345,12.4409485,1.618988,-3.6784058,1.7875824
2026-03-03 03:00:00,282.31757,280.01376,85.50673196973648,-1.0285034,-0.99842834,101104.09,4.4345856e-05,26.307983,0.40344238,283.4019,1.4334149412946398,55171.746,15233.457,248.8448,274.4214,12.305313,1.7836761,-3.886383,1.1810303
2026-03-03 04:00:00,281.79294,279.64304,86.3607486137966,-0.44056702,-0.08894348,101146.65,0.00011539459,16.255644,0.48660278,356.12262,0.4494554947335618,55200.664,15261.543,248.77457,274.36066,11.759171,1.8430939,-4.52861,0.52841187
2026-03-03 05:00:00,281.1037,278.976,86.42343687753308,0.685318,-0.20852661,101144.3,9.393692e-05,19.217321,0.576416,336.7448,0.7163407765875764,55207.523,15253.816,248.74742,274.4066,11.549179,1.7662048,-4.994919,-0.2028656
2026-03-03 06:00:00,280.96854,278.5115,84.45912710839593,0.26887512,-0.6721344,101167.484,0.00010061264,18.710062,0.7351074,226.13002,0.7239188364853995,55234.844,15270.75,248.7447,274.49945,11.212631,1.2411346,-5.3977966,-0.7690735
2026-03-03 07:00:00,280.9949,278.94757,86.89439220136273,0.09043884,-0.6675873,101189.95,3.9100647e-05,19.885962,0.5627136,255.21832,0.6736853767908545,55258.227,15286.781,248.7414,274.53918,10.836639,0.7200928,-5.4254913,-0.9139404
2026-03-03 08:00:00,283.01178,280.4687,84.19378578252429,-0.20283508,-0.21141052,101218.2,1.9073486e-06,89.56562,0.63150024,309.69012,0.29297863001467667,55299.37,15309.125,248.7631,274.6879,10.824799,0.33499146,-4.92894,-0.6606293
2026-03-03 09:00:00,284.85138,281.94394,82.35467010702564,-0.41653442,0.40829468,101246.125,0.0,306.0078,0.4890747,433.73688,0.5832713508831364,55345.477,15334.543,248.88942,274.8231,10.916672,0.2157135,-4.053238,-0.32911682
2026-03-03 10:00:00,285.3745,281.47894,77.10047760910764,-0.75315857,0.86746216,101236.74,6.866455e-05,388.85858,0.522522,506.1194,1.1487986901961154,55365.9,15354.867,248.49225,275.16638,11.267395,0.94970703,-3.729538,1.127945
2026-03-03 11:00:00,288.77527,283.20038,69.43503203821652,-0.8482666,0.74324036,101221.63,0.00010204315,426.6448,0.54122925,714.5189,1.1278131305355907,55405.95,15360.008,248.66579,274.9934,11.385162,1.4678802,-3.5106354,0.84606934
2026-03-03 12:00:00,288.98547,282.34897,64.70353443063152,-0.6326599,0.5993042,101199.09,7.343292e-05,579.7104,0.5133667,823.4252,0.8714494094355966,55410.824,15364.254,248.92354,275.1056,10.908386,2.7580109,-3.3441925,0.37086487
2026-03-03 13:00:00,289.1101,281.88623,62.2178449865579,-0.6515808,0.470932,101123.83,4.5776367e-05,712.4572,0.6208496,871.4576,0.803949306581354,55391.12,15318.195,248.90968,275.30212,10.275848,2.5344696,-3.722412,0.28530884
2026-03-03 14:00:00,289.16003,281.85596,61.89308124852479,-0.7689972,0.22254944,101072.77,2.7656555e-05,758.4968,0.44158936,942.4362,0.8005529007205917,55387.2,15291.191,249.01195,275.48642,10.136536,1.7657013,-4.1723022,-0.22486877
2026-03-03 15:00:00,289.1456,281.87164,62.01580634795146,-0.63705444,0.621933,101030.445,3.0040741e-05,655.12646,0.19128418,1019.97455,0.8903027664860497,55371.14,15265.891,249.13947,275.4448,10.096893,1.2184143,-4.4513245,-0.45140076
2026-03-03 16:00:00,288.6041,281.72327,63.560849108374974,-0.57247925,1.2481995,101028.05,3.8146973e-06,274.93097,0.23529053,1098.612,1.3732204788309894,55377.12,15270.773,249.1815,276.13223,10.134689,0.5276489,-4.2961884,-0.5764923
2026-03-03 17:00:00,286.8083,282.84064,76.95299866319054,-0.6804199,1.4080505,101053.42,0.0,123.57883,0.25457764,1161.2357,1.563834214636021,55395.53,15286.027,249.1902,275.86548,10.288467,-0.06163025,-3.6773682,-0.64637756
2026-03-03 18:00:00,284.79968,281.49078,80.1408521825264,-0.97190857,1.1644897,101075.67,0.0,68.066345,0.2347107,1922.2693,1.51678690983458,55414.656,15294.84,249.21912,275.78995,10.6262665,-0.6998596,-3.1711884,-0.34414673
2026-03-03 19:00:00,283.16885,280.91486,85.8880673855208,-1.5738373,0.36260986,101137.53,0.0,49.59504,0.21478271,768.3188,1.6150695828479062,55447.207,15333.359,249.23293,275.7237,10.689194,-0.63679504,-3.0805817,0.35151672
2026-03-03 20:00:00,282.5435,280.5407,87.30963233556572,-1.8140564,-0.04034424,101178.42,0.0,54.617073,0.2854309,662.87415,1.814504968326661,55452.254,15353.398,249.192,275.59634,10.429077,-0.18080139,-3.0351715,0.86442566
2026-03-03 21:00:00,282.06845,280.28253,88.57089147357247,-1.7936707,-0.3558197,101221.01,0.0,63.486675,0.4390869,621.16943,1.828623044519176,55468.19,15377.551,249.12439,275.46222,10.17337,0.31951904,-2.7789764,1.068039
2026-03-03 22:00:00,282.58405,280.6264,87.58299215851922,-2.1104279,-0.19078064,101198.34,4.7683716e-07,84.30472,0.59243774,600.96924,2.1190335470910364,55467.07,15370.715,248.92705,275.4997,11.090515,2.0290985,-3.5813751,1.646286
2026-03-03 23:00:00,282.05914,280.1754,87.97881730613535,-1.7524872,-0.42251587,101222.17,4.7683716e-07,59.531166,0.51623535,582.5187,1.8027010419272789,55482.465,15393.418,249.05807,275.67276,10.966949,2.2363586,-3.8091736,2.1288757
2026-03-04 00:00:00,281.53882,279.72513,88.35657693791417,-1.3713684,-0.4967041,101206.59,0.0,39.49646,0.57559204,543.46594,1.4585493654571209,55478.285,15376.23,249.08752,275.3393,10.380646,2.445633,-3.1448975,1.9694366
2026-03-04 01:00:00,281.05084,279.15375,87.8067968543114,-1.172226,-0.79582214,101196.2,0.0,39.537083,0.61505127,531.09705,1.416843912924137,55472.32,15355.641,249.004,275.29706,10.196869,1.8758698,-2.125824,1.3410492
2026-03-04 02:00:00,280.72784,278.83282,87.78982243426377,-1.0511322,-1.303299,101160.33,0.0,43.83997,0.6496887,519.8431,1.6743557523052979,55434.227,15312.504,249.02089,274.98285,10.304382,1.1393585,-1.7978973,0.83535767
2026-03-04 03:00:00,280.7835,279.16617,89.49669218908039,-1.0162354,-0.95225525,101157.13,4.7683716e-07,37.950806,0.7382202,434.82153,1.3926681045266034,55427.105,15298.328,249.05899,274.82825,10.19725,0.7706604,-2.1240845,0.82406616
2026-03-04 04:00:00,280.57693,278.97797,89.59401836020604,-0.99458313,-0.24273682,101140.66,4.7683716e-07,28.107906,0.19210815,178.84036,1.023775740220635,55413.33,15276.988,249.08246,274.9478,9.613922,0.5904846,-2.5009613,0.97813416
2026-03-04 05:00:00,280.12042,278.66956,90.48282902801442,-1.0180511,-0.047958374,101126.41,0.0,27.466356,0.22735596,198.4037,1.0191800860730817,55408.25,15261.68,249.11113,275.16776,8.908218,0.5454407,-2.4075928,0.7924652
2026-03-04 06:00:00,280.05728,278.60623,90.47705081344229,-1.0028839,-0.047943115,101157.53,0.0,27.798416,0.23782349,111.86107,1.0040292123016707,55431.19,15281.609,249.14757,275.14423,8.435242,0.35185242,-2.2783356,0.286438
2026-03-04 07:00:00,280.55756,278.77582,88.46604231608802,-0.71810913,-0.37669373,101176.125,0.0,29.494919,0.2616577,555.04297,0.8109123804768736,55432.086,15288.574,249.2033,275.00403,7.9765167,-0.13954163,-2.4356995,0.41560364
2026-03-04 08:00:00,281.73727,279.18915,84.01681002076356,-0.8699188,-0.04437256,101236.37,9.536743e-07,237.4377,0.3692932,562.41974,0.8710497360509293,55477.996,15335.461,249.25217,274.99133,7.4960175,-0.117630005,-2.4893188,1.0082092
2026-03-04 09:00:00,283.32043,279.70654,78.2750642585447,-0.9214325,0.06915283,101246.5,0.0,355.4194,0.46850586,611.4551,0.9240237907939702,55498.883,15353.8125,249.30132,275.06287,7.0594482,0.19667053,-2.538269,1.5762634
2026-03-04 10:00:00,285.02094,280.0418,71.55000429703054,-0.26522827,-0.35984802,101231.6,2.9563904e-05,545.39557,0.7555237,734.90106,0.44703090799754913,55531.883,15348.516,249.26482,274.9291,5.910614,1.6451111,-2.0259247,2.690567
2026-03-04 11:00:00,286.86548,280.60226,65.89231701506537,0.2928772,0.05055237,101210.805,6.198883e-06,591.3324,0.8048401,818.14056,0.29720800189842955,55559.7,15363.168,249.32344,275.14563,6.046463,2.3740997,-1.9833069,2.297638
2026-03-04 12:00:00,287.81598,280.44464,61.29637442272647,0.70936584,-0.0789032,101140.234,1.4305115e-06,603.71124,0.9992981,971.90686,0.7137405760702874,55556.418,15328.4375,249.4381,275.28076,6.514847,2.95018,-1.45047,1.8903961
2026-03-04 13:00:00,288.7201,280.37036,57.542869257639055,0.40486145,-0.23512268,101074.69,6.198883e-06,917.4945,0.7923584,981.6798,0.4681831568376685,55544.473,15282.93,249.64589,275.37158,7.2953796,1.7883606,-0.7534485,0.74180603
2026-03-04 14:00:00,289.1242,280.76035,57.588330734700946,-0.14300537,0.36383057,101015.484,3.33786e-06,967.52527,0.5316162,1054.1516,0.3909261049295146,55536.582,15244.824,249.97162,275.48248,8.436111,1.1187439,-1.0160217,0.47434998
2026-03-04 15:00:00,289.21777,280.69263,56.981642040806314,-0.35801697,1.0715027,100987.62,0.0,599.68506,0.19854736,1187.407,1.1297319093109084,55546.355,15228.125,250.12886,275.64972,9.018234,0.32655334,-2.1022644,0.06150818
2026-03-04 16:00:00,289.04565,281.4204,60.53503357548911,-0.36724854,1.2775269,100941.45,0.0,489.35367,0.110443115,1370.4216,1.329265387481274,55521.88,15194.121,250.14163,275.69592,8.4357605,-0.46366882,-2.57901,-0.03819275
2026-03-04 17:00:00,288.98688,281.773,62.2313707400591,-0.5871124,1.3699951,100981.48,0.0,114.00523,0.066711426,1328.439,1.4904990923371169,55553.22,15225.555,250.11537,275.90012,7.635544,-1.0370789,-2.5734863,0.004425049
2026-03-04 18:00:00,285.61078,280.05804,68.90415758671466,-0.84487915,1.1926575,101015.125,0.0,61.027763,0.058532715,1371.4358,1.461592518594349,55578.938,15245.43,250.12752,276.16144,7.191864,-1.5891266,-2.1395874,0.50231934
2026-03-04 19:00:00,284.11475,279.28168,72.10068024842009,-1.2730103,0.4635315,101060.125,0.0,51.79765,0.04953003,1261.1654,1.3547755073805918,55614.37,15273.824,250.24208,276.15424,7.127655,-1.6882172,-1.7781067,1.3399048
2026-03-04 20:00:00,283.3117,279.07538,74.98622212914998,-1.3561096,0.24914551,101111.42,0.0,48.3826,0.044006348,736.4754,1.3788062707883657,55635.895,15303.48,250.3545,275.9202,7.0051575,-0.9715576,-1.6260376,2.3797302
2026-03-04 21:00:00,282.15472,279.1037,81.20036350320606,-1.7982178,0.24484253,101155.66,0.0,44.202618,0.19787598,704.97394,1.814809940664212,55644.906,15327.934,250.41457,275.76172,6.635071,0.25131226,-1.4787598,3.0845032
2026-03-04 22:00:00,282.01266,280.2469,88.68844573074614,-1.885498,0.18789673,101159.375,0.0,64.08423,0.2730713,686.20764,1.894837166921921,55674.582,15343.547,250.42818,275.70618,5.4136353,0.7338562,-1.7277069,2.625946
2026-03-04 23:00:00,282.115,279.93976,86.24314032090668,-1.6744995,-0.86654663,101156.08,0.0,64.91584,0.27676392,443.6878,1.8854314194540747,55671.598,15327.52,250.5147,275.7124,5.756836,1.3730774,-0.58309937,2.0989838
2026-03-05 00:00:00,281.64392,279.51825,86.48988188462498,-1.6635895,-1.177185,101149.4,0.0,80.29725,0.24227905,443.13153,2.0379633335109957,55661.105,15315.395,250.64948,275.67352,6.0605774,1.1552887,0.5903168,1.7969055
2026-03-05 01:00:00,281.06476,278.89142,86.14700867158518,-1.5047302,-0.97909546,101138.83,0.0,93.30324,0.3420105,297.57886,1.7952272543008732,55647.41,15291.973,250.72807,275.53622,7.0130463,1.2475739,1.4649963,1.6657867
2026-03-05 02:00:00,281.04938,279.63525,90.77906233253945,-1.1277924,-0.49536133,101088.58,0.0,71.617584,0.3529358,297.27567,1.2317867286008275,55611.312,15239.148,250.99039,275.34317,7.8359833,1.3685455,1.2738647,0.99650574
2026-03-05 03:00:00,281.1018,279.6831,90.75421382141343,-0.7619171,0.28372192,101069.95,0.0,56.759644,0.5050659,92.22316,0.8130287788023843,55588.8,15214.055,251.14973,275.1502,7.5631866,1.1987305,0.6117401,0.24092102
2026-03-05 04:00:00,281.11002,279.79785,91.42179846361947,-0.77323914,0.7111206,101077.016,0.0,66.293015,0.49526978,30.187042,1.0505195264117178,55579.496,15212.047,251.10138,275.0713,6.783676,0.79115295,0.41497803,-0.1105957
2026-03-05 05:00:00,281.30453,280.27258,93.20722329861833,-0.91752625,0.44256592,101099.03,0.0,68.141014,0.4570923,30.166397,1.0186849429458102,55592.266,15222.008,251.16905,275.0359,6.6728363,0.31628418,0.8883209,-0.093688965
2026-03-05 06:00:00,281.50616,280.34378,92.39014103833412,-1.0785522,0.03265381,101107.35,4.7683716e-07,66.31296,0.51831055,30.149307,1.0790463935495804,55593.5,15219.176,251.37299,274.968,7.2414093,-0.26420593,1.3470459,0.117126465
2026-03-05 07:00:00,281.7149,280.47867,91.93729424483618,-1.616745,-0.18823242,101120.89,0.0,103.239746,0.87323,457.18723,1.6276657638975076,55597.125,15221.352,251.48059,275.02884,7.259262,-0.8229065,1.6131439,0.57221985
2026-03-05 08:00:00,281.97354,280.28705,89.16772766999308,-1.8990173,0.2668152,101162.87,0.0,307.9595,0.96728516,282.71136,1.9176696943557119,55632.74,15253.375,251.4774,275.0639,6.643875,-0.8383484,2.0970917,1.1387787
2026-03-05 09:00:00,282.6278,280.12402,84.37645984550352,-2.0638428,0.6299591,101170.39,2.3841858e-06,393.15494,1.0,379.6874,2.1578451220568753,55641.95,15263.949,251.4512,275.2208,5.683792,-0.6111145,2.7668762,1.5211487
2026-03-05 10:00:00,283.59973,279.63303,76.44209712370608,-1.2772827,0.40682983,101171.56,3.6239624e-05,364.91705,1.0,497.91483,1.3405079657716021,55652.016,15249.891,251.35197,274.78748,3.7479706,1.3190918,3.2731476,-0.28337097
2026-03-05 11:00:00,283.85223,278.7224,70.5863956149875,-1.5705566,0.5950165,101155.72,6.914139e-05,499.2288,1.0,667.43823,1.6794917889277727,55675.465,15244.395,251.3569,274.8285,3.949234,0.44448853,4.9756927,-0.649353
2026-03-05 12:00:00,284.24988,278.21057,66.34561332463868,-2.0005493,0.51174927,101097.83,3.6239624e-05,449.0259,1.0,740.41394,2.064966057124432,55688.88,15207.852,251.32462,275.3633,4.85524,-0.32229614,6.6862183,0.31739807
2026-03-05 13:00:00,284.82092,278.3783,64.63488543308145,-1.7923126,0.9147644,101015.37,6.198883e-06,606.20935,1.0,874.19415,2.012257032196961,55648.42,15152.969,251.59453,275.5583,5.1874695,-0.9943085,6.7957916,0.31141663
2026-03-05 14:00:00,285.50842,279.01688,64.56996105552018,-1.6703491,1.7946167,100966.95,2.861023e-06,531.81525,1.0,1006.75946,2.4516760013896004,55622.61,15121.352,251.91776,275.80505,5.7947693,-1.2124329,6.197754,0.9890747
2026-03-05 15:00:00,285.51212,278.98682,64.42022965942348,-1.6271057,1.8612671,100941.414,0.0,615.2106,0.9701843,991.53784,2.472203101792994,55593.082,15104.4375,252.06967,276.0569,6.216675,-1.1468048,4.5914,1.6360474
2026-03-05 16:00:00,285.2288,279.02863,65.82137178945297,-1.5163422,1.0661469,100897.95,0.0,526.7498,0.6482239,1219.9889,1.853635044953685,55556.71,15074.727,252.52322,276.2177,5.662506,-1.2184753,2.76799,1.9216919
2026-03-05 17:00:00,284.48776,280.48923,76.42012189836112,-0.9270172,0.27793884,100901.64,0.0,193.61641,0.61169434,1082.3622,0.9677865921143904,55561.32,15076.738,253.104,276.25577,4.38649,-1.3410797,1.510086,1.794281
2026-03-05 18:00:00,283.9604,280.2165,77.67808147921933,-0.60198975,0.66334534,100923.14,0.0,115.593346,0.7381897,1078.0747,0.895778264530223,55580.547,15093.27,253.32326,276.38068,3.15831,-1.2732697,0.92160034,1.6060028
2026-03-05 19:00:00,283.36792,279.05875,74.61932669141639,-0.28286743,0.92263794,100939.984,0.0,69.593254,0.83477783,749.9878,0.9650257775221595,55607.06,15114.461,253.09952,276.62115,2.091919,-1.0146332,1.1634827,1.3325653
2026-03-05 20:00:00,282.36542,278.3277,75.86389139240606,0.12823486,1.0769348,100969.266,0.0,32.927452,0.8545532,715.3937,1.0845426422092677,55637.13,15143.902,252.672,276.8504,1.2488708,-0.6436615,2.1874847,1.1059418
2026-03-05 21:00:00,282.70145,279.1256,78.38610124981106,0.44026184,0.28573608,100970.65,0.0,18.382305,0.7183838,461.90942,0.5248576904018384,55645.848,15147.875,252.48328,276.97372,0.7363739,-0.3156433,2.894333,0.65341187
2026-03-05 22:00:00,281.75555,279.80447,87.54564750997937,-0.8493805,0.20864868,100996.32,0.0,32.92688,0.6984253,74.93422,0.8746322115300764,55655.066,15175.949,252.1143,277.01077,1.8688812,0.38137817,3.9060516,-1.3213806
2026-03-05 23:00:00,281.60864,280.1247,90.38487703830998,-0.7753296,-0.64505005,100961.25,0.0,32.694664,0.85092163,58.41736,1.0085760038991423,55635.42,15148.402,252.38805,277.2271,1.7522278,-0.41288757,2.8661194,-0.20379639
2026-03-06 00:00:00,281.5219,280.12665,90.9297205696686,-0.15159607,-0.82447815,100945.55,0.0,23.804495,0.9642334,58.39688,0.8382992235871791,55610.895,15131.004,252.38005,277.10083,1.5255127,-0.9897156,1.6946716,0.17799377
2026-03-06 01:00:00,280.79147,279.31598,90.37771223714027,0.20393372,-0.9484863,100919.11,0.0,29.127274,0.9814148,43.57057,0.9701624727027574,55577.57,15095.293,252.48822,276.91568,0.63127136,-1.4812164,0.6689911,-0.28927612
2026-03-06 02:00:00,280.53973,279.04572,90.24367303349882,0.46188354,-0.8756714,100899.766,0.0,38.282593,0.99401855,30.117676,0.9900185883612951,55562.867,15080.02,252.49667,276.82825,-0.8395691,-1.8027344,-0.3638916,-0.35803223
2026-03-06 03:00:00,280.63245,279.3775,91.75174187930836,0.5444336,-0.92378235,100880.414,0.0,39.525032,1.0,30.152344,1.0722787767089688,55559.68,15070.594,252.43558,276.9181,-2.5764008,-1.965271,-0.98327637,-0.39620972
2026-03-06 04:00:00,280.32587,279.21704,92.66282563046667,0.28311157,-0.7691345,100859.766,0.0,33.360573,0.99401855,30.179428,0.8195852854694958,55562.62,15060.199,252.44347,276.99133,-4.0109253,-2.3205414,-0.57901,-0.48350525
2026-03-06 05:00:00,279.85522,278.7374,92.578441443486,0.007293701,-0.093185425,100861.125,0.0,30.770355,0.9952698,30.06401,0.09347043118926983,55552.664,15055.844,252.45828,276.81714,-5.015045,-2.6624603,0.024429321,-0.18771362
2026-03-06 06:00:00,279.9154,278.58203,91.20876801779116,0.056518555,-0.65267944,100881.28,0.0,20.113598,0.96099854,69.317856,0.655121972199072,55539.957,15059.836,252.49178,276.64648,-5.790802,-2.804596,0.68899536,0.3059845
2026-03-06 07:00:00,279.88702,278.3563,89.96523804345628,-0.2921753,-1.2003174,100928.59,0.0,33.426414,0.9812012,346.6482,1.2353656408824272,55574.312,15093.391,252.58711,276.72644,-6.5651855,-2.8923035,1.3161011,0.43347168
2026-03-06 08:00:00,280.8197,278.90674,87.68930652802507,-0.41532898,-0.9087372,100938.1,0.0,86.25383,0.9373474,187.93915,0.9991503692096002,55596.16,15105.156,252.71512,276.7347,-7.3360596,-3.018921,1.7575684,0.23043823
2026-03-06 09:00:00,282.38974,279.8724,84.27076388390003,-0.76608276,-0.30682373,100940.29,0.0,264.72513,0.94229126,370.93875,0.8252415382543044,55607.984,15115.609,252.78943,276.6385,-8.076706,-3.1822815,2.2518463,-0.03477478
2026-03-06 10:00:00,285.0425,279.81238,70.3321169180942,-1.4558868,0.26805115,100962.65,0.0,529.8055,0.8845215,624.41345,1.48035731951126,55657.945,15121.789,252.77162,276.4732,-6.7514954,-3.6786346,4.175705,-1.995285
2026-03-06 11:00:00,286.58118,280.45694,66.45926010705219,-1.95018,1.1456299,100920.91,0.0,683.4441,0.8641968,747.87836,2.2617846714871,55681.508,15107.398,252.9474,276.6532,-6.6950073,-3.576889,3.9768524,-1.5282898
2026-03-06 12:00:00,287.59485,279.9782,60.22292754349422,-1.8838348,1.489624,100919.16,4.7683716e-07,747.06116,0.8015137,787.3517,2.401627201517138,55685.6,15125.758,252.7457,276.87973,-6.5102997,-3.3814697,4.5377655,-0.6982422
2026-03-06 13:00:00,288.1649,280.06802,58.40862377361113,-2.1673126,0.9593048,100867.016,2.3841858e-06,854.359,0.7319031,869.6421,2.3701286052494703,55642.4,15090.426,252.62825,276.86307,-6.331772,-3.2355347,5.2233276,0.32365417
2026-03-06 14:00:00,288.25592,279.49652,55.83152680097788,-2.1204987,0.59529114,100810.3,7.6293945e-06,869.5285,0.43566895,963.68994,2.2024727644318762,55618.684,15057.672,252.74237,276.9154,-6.3489532,-2.9807281,6.058304,0.71658325
2026-03-06 15:00:00,288.16364,279.3263,55.50875192478245,-1.9305725,0.8287811,100793.67,0.0,817.4772,0.38427734,980.7315,2.100949378132053,55617.355,15058.789,252.83138,277.20828,-6.1605835,-2.5529022,6.5270386,0.5723572
2026-03-06 16:00:00,287.5692,279.3191,57.64885439845923,-1.3007965,0.83680725,100762.5,0.0,533.94684,0.18676758,1133.9819,1.5467119667426164,55595.1,15048.957,252.83324,277.53815,-5.7619476,-2.3480988,6.6428833,-0.16963196
2026-03-06 17:00:00,285.64044,280.8388,72.5399346703905,-1.3255463,0.82336426,100796.625,0.0,138.24834,0.071014404,1487.249,1.5604491975354526,55623.31,15086.238,252.79794,277.66046,-5.415146,-2.4846497,5.880417,-0.7837219
2026-03-06 18:00:00,283.53027,279.4328,75.74545565464061,-1.6435852,1.1988983,100836.766,0.0,63.597153,0.04244995,1427.4841,2.034386748728454,55647.156,15117.117,252.75558,277.65808,-5.5522156,-2.8124542,4.661438,-0.7438965
2026-03-06 19:00:00,282.52585,278.4729,75.8105252979895,-1.6159515,1.079834,100905.67,0.0,42.030975,0.028747559,1336.6809,1.9435381956391415,55678.312,15164.031,252.7156,277.51025,-5.959259,-3.2627258,3.8808746,-0.54493713
2026-03-06 20:00:00,282.2926,277.95026,74.25928205819503,-0.95266724,-0.11834717,100959.19,0.0,24.885723,0.027893066,1416.6893,0.959990063915365,55699.457,15195.48,252.72687,277.34387,-6.471649,-3.5517883,3.7952728,-0.36520386
2026-03-06 21:00:00,282.46545,277.8418,72.84699452533742,-0.7414551,-1.1135864,100989.3,0.0,24.634724,0.036499023,1463.166,1.3378454079530153,55723.26,15215.676,252.75754,277.2564,-7.144333,-3.6443634,4.0689545,-0.28082275
2026-03-06 22:00:00,280.67792,278.25784,84.64323769622297,-0.9337921,-0.9451599,100991.89,0.0,19.889862,0.15838623,1470.5333,1.32864401650345,55731.816,15214.387,252.57253,277.52936,-6.9979706,-2.6139832,3.615036,-2.2778625
2026-03-06 23:00:00,280.25986,277.86902,84.7686211911142,-1.2564087,-1.0155792,100980.734,0.0,20.427238,0.25646973,1430.2759,1.6155382796171467,55732.957,15202.0,252.50407,277.50552,-6.901352,-3.0355377,3.2185822,-1.0396729
2026-03-07 00:00:00,280.3673,277.67487,83.0144618805866,-0.43200684,-1.4422913,101022.72,0.0,20.596985,0.36224365,1519.7118,1.5056009112186652,55756.05,15231.738,252.42978,277.38068,-6.866501,-2.8748932,2.8668213,-0.5256653
2026-03-07 01:00:00,280.01233,277.43802,83.65976611289888,0.22077942,-1.0736389,101024.0,0.0,15.033684,0.59783936,1569.471,1.0961040278590104,55741.625,15224.297,252.33763,277.14587,-7.0495605,-3.3039856,2.412094,-0.063812256
2026-03-07 02:00:00,279.60608,277.18066,84.48955175023022,0.32139587,-0.7103424,100978.11,0.0,13.082948,0.4584961,,0.7796676410438084,55694.777,15177.168,252.33475,277.0072,-7.4861755,-3.8295746,1.9772797,-0.08604431
2026-03-07 03:00:00,279.2525,277.10443,86.11149758016387,0.32922363,-0.6936493,100981.41,0.0,13.500942,0.23034668,1127.9972,0.7678134864280953,55684.05,15173.617,252.33382,276.80875,-8.18103,-4.1598816,1.8842468,-0.47296143
2026-03-07 04:00:00,278.56494,276.70154,87.78471194255542,0.40141296,-0.8256073,101001.88,0.0,14.259558,0.18356323,1054.3119,0.9180194868679268,55678.117,15186.4375,252.28546,276.62445,-8.783051,-4.3233643,1.8790436,-0.7368164
2026-03-07 05:00:00,277.85083,276.09674,88.4001838206517,0.45051575,-0.8029785,100996.08,0.0,15.311406,0.060180664,659.2083,0.9207273822692104,55653.02,15179.879,252.16582,276.67737,-9.120941,-4.320877,1.8322601,-0.65771484
2026-03-07 06:00:00,277.4891,276.1004,90.68720451057857,0.5088043,-0.7707062,101024.79,0.0,17.61981,0.033447266,658.9123,0.9235095356394161,55662.84,15202.109,252.01723,276.8964,-9.226807,-4.1620026,1.6469116,-0.5171356
2026-03-07 07:00:00,278.62946,276.98276,89.13921153851375,0.39297485,-1.0020142,101047.25,0.0,20.497486,0.030090332,,1.0763185818957892,55676.887,15217.867,251.89246,277.1053,-9.293182,-4.074829,1.5393829,-0.3358307
2026-03-07 08:00:00,281.47528,278.2602,80.18853247999101,0.19903564,-0.49560547,101071.56,0.0,57.480644,0.009307861,,0.5340786158274178,55704.81,15240.543,251.81828,277.2057,-9.301727,-4.0404205,1.7438507,-0.14726257
2026-03-07 09:00:00,284.5188,279.6703,72.09974592542515,0.09448242,0.013504028,101066.78,0.0,247.5402,0.0,,0.09544258201285831,55714.703,15245.367,251.842,277.1591,-9.310303,-4.025818,1.9880524,-0.06689453
2026-03-07 10:00:00,286.74255,280.00415,63.75730954301052,0.4901886,0.14451599,101070.97,0.0,512.6004,0.0,,0.5110476836222234,55745.91,15268.59,252.06712,276.47974,-9.892624,-3.84375,1.7030945,-0.8352356
2026-03-07 11:00:00,288.14124,279.56006,56.491422759217016,0.17350769,0.7369232,101036.234,0.0,715.111,0.0033569336,,0.7570737884693778,55759.926,15263.566,252.46655,276.83563,-9.748184,-3.785736,1.3689575,-0.66171265
2026-03-07 12:00:00,289.3318,279.41806,51.83483800871558,-0.089767456,0.7742157,100986.305,0.0,889.20483,0.07809448,,0.7794024289692725,55749.36,15247.656,252.57043,277.37082,-9.554184,-3.5278015,1.2955933,-0.5797119
2026-03-07 13:00:00,290.24957,279.1942,48.15000966637541,-0.39367676,0.6237793,100909.42,0.0,1004.58575,0.119628906,,0.7376191473061064,55705.34,15200.395,252.53978,277.67996,-9.490906,-3.2144623,1.3039703,-0.553421
2026-03-07 14:00:00,290.7246,279.12042,46.488825627189605,-0.4846344,0.59721375,100849.03,0.0,979.71295,0.01739502,,0.7691129727500522,55672.934,15166.375,252.52739,277.92978,-9.517975,-3.4437408,1.297409,-0.56092834
2026-03-07 15:00:00,290.6969,278.94574,46.01112603339297,-0.5296173,0.89941406,100829.91,0.0,835.9419,0.0069274902,,1.0437624901216624,55662.65,15160.734,252.45593,277.9339,-9.67012,-3.9911804,1.4864807,-0.5618744
2026-03-07 16:00:00,289.85217,279.50055,50.43270013585827,-0.5168915,1.1388855,100805.336,0.0,497.32605,0.0007019043,,1.250694608960357,55627.695,15145.168,252.2676,277.90906,-9.728836,-4.588257,1.5999756,-0.5521393
2026-03-07 17:00:00,287.84796,280.80246,62.682470308127215,-1.1924286,1.107544,100855.03,0.0,111.29443,0.0,,1.627433463473687,55632.125,15180.117,252.0376,277.8484,-9.669067,-5.0203247,1.6947632,-0.07424927
2026-03-07 18:00:00,285.3834,280.70435,73.10161543586953,-1.7648315,1.0212555,100903.15,0.0,68.128654,0.0,,2.0390176604611594,55635.965,15206.074,251.89868,277.6129,-9.552078,-4.999817,1.9129791,0.56970215
2026-03-07 19:00:00,283.4979,279.52673,76.40193981373741,-2.2253265,0.30163574,100941.44,0.0,54.361717,0.0082092285,,2.2456763237937025,55639.074,15224.398,251.81339,277.26913,-9.422668,-4.3625336,2.2744293,1.0394592
2026-03-07 20:00:00,282.6643,278.75644,76.60035129131421,-2.198166,-0.56617737,100986.91,0.0,46.047203,0.039916992,,2.2699098171196397,55641.145,15249.18,251.66257,276.96994,-9.145767,-3.4943085,2.5327606,1.0391693
2026-03-07 21:00:00,282.13803,278.23578,76.54423304945324,-2.0471497,-1.1051178,101015.91,0.0,41.195118,0.07180786,,2.326393613747882,55637.816,15264.531,251.48373,276.79218,-8.859467,-2.903717,2.559555,0.7705841
2026-03-07 22:00:00,281.54636,277.99545,78.34534716442488,-1.9824219,-1.481308,101027.55,0.0,42.23018,0.1628418,,2.4747262435395982,55613.43,15281.566,251.59435,276.81357,-9.887222,-1.1575623,2.032364,0.6842804
2026-03-07 23:00:00,281.1748,277.4895,77.5557265221497,-1.5836945,-1.4990234,101006.78,0.0,33.42299,0.1925354,,2.1806328033572755,55590.668,15259.652,251.4758,276.70145,-10.120224,-0.8009033,1.8622742,0.3292694
2026-03-08 00:00:00,281.63293,277.40674,74.74821494154138,-1.2350311,-1.1901093,101013.586,0.0,28.763454,0.089904785,,1.7151273899957695,55584.605,15259.492,251.22694,276.6675,-9.925613,-0.69802856,2.0268555,0.20162964
2026-03-08 01:00:00,280.98346,276.8429,75.08575761738184,-0.58200073,-1.1324615,101032.94,0.0,18.712307,0.057739258,1231.5098,1.2732611274608139,55563.74,15261.234,250.95079,276.42255,-9.699005,-0.8461151,2.0744934,0.12582397
2026-03-08 02:00:00,280.50623,276.31116,74.71472016908123,0.048049927,-0.9898987,101005.63,0.0,15.679975,0.058288574,1116.0944,0.9910641915367517,55505.285,15223.324,250.80644,276.089,-9.815186,-1.3477478,1.9949341,-0.13694763
2026-03-08 03:00:00,279.97223,276.37967,77.87293283996442,0.25390625,-0.45437622,100991.08,0.0,13.823066,0.07650757,1115.1017,0.5205056513531346,55465.773,15202.848,250.70847,275.79022,-10.089462,-1.9115906,1.9506683,-0.52679443
2026-03-08 04:00:00,279.65347,276.31335,79.22500854845498,0.29499817,-0.15222168,101006.984,0.0,12.397478,0.10940552,1013.306,0.33195686491677096,55453.926,15210.879,250.57278,275.58557,-10.351181,-2.5009003,1.8827057,-0.7841034
2026-03-08 05:00:00,279.32617,276.10175,79.82764773522665,0.23300171,-0.10623169,101001.78,0.0,12.183839,0.16378784,1008.36096,0.2560760996719143,55426.793,15199.707,250.45222,275.51306,-10.43898,-2.635559,1.9195099,-0.85124207
2026-03-08 06:00:00,279.02216,275.88974,80.30580293216195,-0.06689453,-0.6667633,101035.3,0.0,13.529231,0.033355713,1003.6338,0.6701105702574843,55436.797,15219.516,250.37837,275.47064,-10.460617,-2.7978668,2.0538025,-0.9317169
2026-03-08 07:00:00,279.02054,276.04437,81.19973548046514,-0.21788025,-0.65444946,101067.664,0.0,16.417118,0.062805176,793.4967,0.6897651042451729,55446.88,15235.512,250.32143,275.44586,-10.24472,-3.0484772,2.3083649,-0.5395355
2026-03-08 08:00:00,282.20807,278.60864,78.18283242480501,-0.42799377,-0.08355713,101112.93,0.0,80.6585,0.103149414,793.45953,0.43607391705151294,55479.71,15267.309,250.31181,275.42465,-9.914825,-3.048355,2.5657501,0.16772461
2026-03-08 09:00:00,285.1219,279.3642,67.83994592241235,-0.6384125,0.4326172,101130.25,0.0,278.03946,0.09786987,1032.1675,0.7711862044228295,55489.164,15282.914,250.3045,275.30542,-9.667831,-2.6738434,2.7309723,0.95184326
2026-03-08 10:00:00,287.29498,280.3042,62.78951385373003,-0.061965942,0.8110962,101148.64,0.0,452.83035,0.39608765,1056.3785,0.8134597861126187,55516.95,15321.258,250.13081,274.81955,-9.460571,-1.662735,3.8203735,0.3322296
2026-03-08 11:00:00,288.6933,280.31943,57.44126077810018,0.008285522,0.66493225,101127.33,0.0,690.08527,0.024139404,1235.8672,0.6649838697027732,55529.754,15316.316,250.10364,275.04636,-8.930832,-1.1365509,3.3490448,0.8855591
2026-03-08 12:00:00,289.648,280.28882,53.932454537345386,-0.037841797,0.074783325,101067.09,0.0,903.1748,0.006652832,,0.08381257243543377,55512.855,15285.184,249.95319,275.48376,-8.310822,-0.47795105,3.1428375,1.0315704
2026-03-08 13:00:00,290.3075,280.1537,51.24648529652005,-0.09869385,-0.22607422,101026.92,0.0,1038.3475,0.0140686035,1207.1344,0.24667798640420044,55500.445,15271.172,249.85156,275.43262,-7.768387,0.11740112,3.0142365,0.3580475
2026-03-08 14:00:00,290.4776,279.70972,49.176659804003265,-0.38136292,0.027709961,100974.05,0.0,1113.0508,0.14144897,,0.3823683024121481,55475.03,15245.129,249.85205,275.4477,-7.2890015,-0.09208679,2.7019043,-0.028427124
2026-03-08 15:00:00,290.35562,279.80798,49.89315429636504,-0.79623413,0.3517456,100936.34,0.0,887.42914,0.065582275,2459.638,0.8704675507428274,55454.867,15224.754,249.94328,275.81088,-7.2345123,-0.79112244,2.2156372,-0.3908081
2026-03-08 16:00:00,289.6038,280.6728,55.52218928879928,-1.0639038,0.53912354,100908.89,0.0,613.7823,0.012786865,2541.62,1.192705113192935,55435.64,15205.039,250.11403,276.2879,-7.470413,-1.4925995,2.1252441,-0.831131
2026-03-08 17:00:00,287.8828,281.46805,65.43658182874987,-1.1343536,0.8172455,100932.56,0.0,102.27371,0.014038086,2361.2087,1.398087371054903,55443.48,15222.246,250.17308,276.51178,-7.6192627,-2.481491,2.4496918,-0.61524963
2026-03-08 18:00:00,285.49527,280.6324,72.2108726071332,-1.3430328,1.0883636,100972.69,0.0,71.6964,0.010131836,2360.7253,1.7286620339675423,55450.59,15242.746,250.04662,276.43726,-7.104141,-3.1546326,2.806137,-0.015594482
2026-03-08 19:00:00,283.86346,279.92157,76.6154868678588,-1.5669098,0.7926636,100998.375,0.0,59.28366,0.005554199,,1.7559959863567456,55449.242,15250.445,249.90993,276.33655,-6.1595154,-3.5266266,3.187683,0.6018524
2026-03-08 20:00:00,282.8133,279.20392,78.22186499617355,-2.0573578,0.44659424,101030.33,0.0,46.773167,0.018920898,,2.1052713678815893,55449.594,15266.777,249.8063,276.11484,-5.2250977,-3.4886932,3.2001953,1.0418854
2026-03-08 21:00:00,282.30893,278.7801,78.58181781232692,-1.9871826,-0.010986328,101039.94,0.0,33.87034,0.054382324,,1.9872129692475549,55423.082,15266.504,249.74768,275.83612,-4.661682,-2.8851013,2.8642426,1.4507141
2026-03-08 22:00:00,282.16077,279.2164,81.80145020177036,-1.2858582,-1.4325714,101054.125,0.0,33.23339,0.054870605,,1.925017435402911,55412.13,15293.055,249.5934,276.1604,-3.844452,-3.0531921,2.8088226,0.38298035
2026-03-08 23:00:00,281.87186,279.25153,83.61493929307504,-0.90289307,-1.5931854,101036.05,0.0,27.479713,0.06802368,,1.8312442804353508,55385.7,15279.707,249.63889,276.29016,-3.7448273,-3.1977692,2.631363,0.80763245
2026-03-09 00:00:00,281.87064,279.18262,83.2250038909941,-0.81492615,-1.3444061,101047.77,0.0,19.833248,0.18582153,,1.572110807694875,55371.062,15281.719,249.56367,276.29462,-3.1432495,-3.7400055,2.3867645,0.99768066
2026-03-09 01:00:00,282.7146,279.59833,80.91168331074365,-0.20732117,-1.0866241,101054.22,0.0,15.0643835,0.23730469,1669.6641,1.1062251137227808,55346.273,15276.004,249.4052,276.29465,-2.517624,-3.7753906,1.9529266,0.93818665
2026-03-09 02:00:00,282.19705,279.4665,83.02121241383918,0.12663269,-0.6451721,101006.39,0.0,13.212108,0.37527466,2179.7305,0.6574822254594007,55291.72,15226.84,249.378,276.23303,-2.3808289,-3.8065338,1.5577393,1.0311127
2026-03-09 03:00:00,281.6761,279.29462,84.9816518515671,0.1628418,-0.7323456,100960.43,0.0,14.16395,0.31347656,1536.0409,0.7502316506697115,55241.117,15179.395,249.32758,275.95987,-2.414627,-3.9557648,1.27034,1.1230469
2026-03-09 04:00:00,280.53027,278.4928,86.90835865052776,0.31573486,-1.0171661,100951.66,0.0,17.05598,0.40945435,1344.5763,1.065042429581296,55214.695,15167.055,249.1724,275.70444,-2.4980469,-4.0488586,1.117096,1.2931824
2026-03-09 05:00:00,280.3181,278.34918,87.30271848568484,0.38250732,-1.2882385,100931.234,0.0,20.788614,0.44418335,1118.5543,1.3438267309202598,55178.902,15145.773,249.04964,275.54443,-2.6466827,-4.2031555,1.2930298,1.2473907
2026-03-09 06:00:00,280.86993,278.64282,85.80646403024987,0.205719,-1.184021,100950.34,0.0,20.714893,0.60321045,877.8947,1.201759558065589,55186.09,15160.516,248.97629,275.50647,-2.733902,-4.5479126,1.9266052,1.2897949
2026-03-09 07:00:00,281.76318,279.0573,83.10923018458436,0.02468872,-0.9455414,100958.88,0.0,22.33586,0.5956116,2121.46,0.94586366459929,55178.76,15166.77,248.87529,275.51752,-2.410843,-4.7255096,2.6652527,1.5377655
2026-03-09 08:00:00,282.75665,278.7539,76.11351979280437,0.1977539,-0.4512329,100989.05,0.0,69.923935,0.57250977,1531.2958,0.4926639168922563,55191.047,15190.984,248.78304,275.5775,-1.5952454,-4.6642303,3.3041992,1.7122498
2026-03-09 09:00:00,284.86365,279.67157,70.48118236520833,0.07539368,-0.07608032,100996.19,0.0,209.28804,0.5571594,2110.6218,0.10710939302995233,55202.207,15205.93,248.73232,275.71747,-0.6212311,-4.557678,3.5540314,1.6896973
2026-03-09 10:00:00,286.3957,279.39847,62.553729747340455,0.26408386,0.3905487,101008.234,0.0,522.6433,0.6676941,1723.6158,0.4714536797864554,55225.79,15230.414,248.41074,275.6067,-0.18385315,-2.5251617,3.0239105,1.552536
2026-03-09 11:00:00,287.82184,279.17218,56.144034016222086,0.3608551,0.8362732,100978.06,5.2452087e-06,722.4408,0.90460205,1725.7423,0.9108069324693626,55203.742,15212.754,248.58772,275.66843,-0.110839844,-2.1246948,2.7341156,1.7204285
2026-03-09 12:00:00,289.0424,278.97485,51.20985478307022,0.11151123,0.69522095,100889.766,0.0,853.38226,0.8076477,997.474,0.7041071819936332,55163.96,15153.973,248.7115,275.78665,0.5472412,-2.2075806,3.1026459,1.7502747
2026-03-09 13:00:00,289.92462,278.7281,47.59249348035089,-0.16667175,0.23976135,100808.08,0.0,972.88214,0.60284424,2140.912,0.29200167328610466,55132.215,15101.859,248.72604,276.02136,1.4724579,-2.168869,3.4823914,1.6332092
2026-03-09 14:00:00,290.22083,278.6129,46.335696073953756,-0.3206482,0.2193451,100756.22,0.0,1026.343,0.4657898,,0.3884939395373498,55121.81,15072.742,248.68419,276.22864,2.518631,-2.0231934,3.5045624,1.5393219
2026-03-09 15:00:00,290.1927,278.57855,46.30781680565734,-0.44154358,0.3494568,100702.06,0.0,1038.7615,0.45880127,2724.1194,0.5630992702050469,55100.027,15035.039,248.61021,276.35596,3.815506,-1.8399048,3.1011353,1.6177063
2026-03-09 16:00:00,289.3507,278.8001,49.60854915224455,-0.36790466,0.63920593,100687.57,0.0,861.20404,0.30767822,2738.1375,0.7375215656486802,55091.293,15030.578,248.55998,276.3919,4.786682,-1.5194244,2.397644,2.140396
2026-03-09 17:00:00,288.23456,280.5998,60.30201042543928,-0.5167694,1.0023499,100703.96,0.0,56.35331,0.15393066,2710.2188,1.1277215679441313,55099.09,15042.828,248.64497,276.36035,5.255417,-0.9741974,1.327713,2.539566
2026-03-09 18:00:00,286.86615,280.5229,65.53332782649336,-0.9426727,0.5033417,100723.42,0.0,27.27401,0.08682251,2356.52,1.0686368355452567,55108.746,15054.168,248.72762,276.28522,5.1482086,-0.7728424,0.5682678,2.6031036
2026-03-09 19:00:00,286.10895,280.2406,67.53186002210116,-1.673706,0.013626099,100759.11,0.0,25.498219,0.08862305,1436.2482,1.6737614659831184,55110.44,15077.914,248.73976,276.1477,5.127762,-0.74328613,-0.019454956,2.6284637
2026-03-09 20:00:00,285.30655,279.92923,69.67675374418056,-1.8111572,-0.38508606,100789.95,0.0,32.835503,0.13006592,1375.1481,1.8516429668589363,55102.78,15093.965,248.68047,276.00818,4.800949,-0.58654785,-0.5369568,2.6038818
2026-03-09 21:00:00,284.70776,280.44733,75.1008170150908,-1.7549133,-0.95047,100819.83,0.0,36.50273,0.25302124,1363.7261,1.99577401311293,55118.004,15114.391,248.63708,275.87726,4.589813,-0.20744324,-0.64611816,2.6147614
2026-03-09 22:00:00,284.6236,280.28177,74.66944428596018,-0.14355469,-0.3242035,100811.914,0.0,15.537851,0.786499,1343.391,0.3545643219970759,55088.824,15122.465,248.73941,276.525,3.952057,0.013000488,-1.9746552,3.184555
2026-03-09 23:00:00,284.3778,279.63977,72.62341104180697,-0.12413025,-1.0147552,100813.67,0.0,26.576942,0.83843994,1369.3854,1.0223191453220968,55083.8,15108.645,248.55261,276.3579,4.3628387,-0.024978638,-1.1293335,2.1611176
2026-03-10 00:00:00,284.5625,279.59442,71.51722339091037,-1.1355743,-1.4099884,100767.914,2.336502e-05,27.12582,0.6190491,1521.1221,1.8104132895433158,55063.637,15072.051,248.45682,276.47327,5.791641,-0.4603119,-0.88002014,2.1186981
2026-03-10 01:00:00,284.32922,279.58948,72.60590246499675,-1.2562714,-0.20742798,100760.336,4.863739e-05,20.153103,0.41635132,1529.3662,1.2732808792033439,55068.31,15065.492,248.59056,276.29816,7.0725403,-0.27218628,-0.89630127,2.48938
2026-03-10 02:00:00,284.0182,279.3198,72.75559514176105,0.025848389,0.118133545,100746.3,0.0001449585,15.473396,0.45220947,1660.2982,0.12092838239289545,55045.277,15041.766,248.74953,276.04672,7.4380493,0.004058838,-0.6888428,2.3188171
2026-03-10 03:00:00,283.65314,279.13684,73.60906271860527,0.19944763,-0.36073303,100728.7,4.7683716e-06,16.053196,0.51153564,1445.1453,0.4121985881169389,55028.973,15018.82,248.78616,275.8817,7.075653,0.027114868,-0.424469,2.1539154
2026-03-10 04:00:00,283.1297,278.9702,75.35434573829157,-0.031234741,0.11128235,100720.86,6.198883e-06,19.60361,0.5248108,1082.1825,0.11558274294573383,55019.992,15001.773,248.62997,275.6571,5.984833,-0.47045898,-0.003250122,2.1893616
2026-03-10 05:00:00,282.79727,278.95026,76.94530371444388,-0.6249237,0.5059204,100735.59,2.9087067e-05,23.921635,0.5884094,999.949,0.8040429602688217,55028.176,15000.879,248.48067,275.39563,5.8917084,-1.1021271,1.4544678,2.1538086
2026-03-10 06:00:00,282.34375,279.2646,81.06836507175848,-1.0448608,0.49699402,100769.805,0.00012397766,28.784477,0.8964844,900.70526,1.157038092412,55026.207,15010.262,248.62831,274.9842,6.276123,-1.7561188,3.1251068,2.4263306
2026-03-10 07:00:00,282.64163,279.79297,82.40471343579175,-1.5915222,-0.48077393,100802.766,0.0003399849,50.01461,0.96881104,995.2405,1.6625542050894115,55043.055,15016.012,248.81967,274.7055,6.101761,-2.2557068,4.3727264,2.6634064
2026-03-10 08:00:00,283.33133,280.41257,82.09769110016484,-1.6364136,-0.40264893,100833.56,0.0004940033,118.99014,0.9323425,961.4862,1.685222724477422,55056.21,15033.484,249.12158,274.62982,5.0741425,-2.2937775,4.4392853,3.083908
2026-03-10 09:00:00,283.85638,280.6253,80.43416935451391,-2.2092743,-0.3575287,100854.234,0.0005364418,317.07065,0.9489746,426.21826,2.2380169132435483,55060.234,15047.238,249.03494,274.6824,3.6311188,-2.2134552,4.9939575,3.5927887
2026-03-10 10:00:00,283.6721,280.65564,81.59585536668077,-1.3840332,1.0692444,100911.25,0.00075912476,350.61548,0.996521,421.19556,1.7489515389608712,55068.305,15074.543,248.5555,275.23907,0.6072693,-3.0084076,3.0119934,2.8383484
2026-03-10 11:00:00,284.46136,280.46857,76.4458043697285,-1.7502747,1.0950775,100914.05,0.00032043457,471.26352,0.9958496,427.6597,2.064620124009824,55088.574,15067.566,248.76045,274.91174,-0.51701355,-3.114151,4.398178,3.7373657
2026-03-10 12:00:00,284.6028,281.06927,78.89962064284461,-2.0948792,0.9966583,100856.64,0.0003528595,414.54062,1.0,461.91205,2.3198807360619917,55064.08,15023.008,248.68819,274.66736,-0.89042664,-3.1838074,6.952667,4.4574127
2026-03-10 13:00:00,285.08844,280.97537,75.92371187039022,-1.5841827,1.2206879,100795.55,0.0004272461,395.8293,1.0,617.1212,1.9999284427663155,55033.32,14982.836,248.68646,274.51672,-0.5705719,-2.5558777,9.156204,5.330948
2026-03-10 14:00:00,285.41006,281.6842,77.99743219034696,-0.7213135,1.2342987,100746.016,0.00038814545,390.53482,0.9847412,648.33356,1.4296105924705302,55003.133,14952.809,248.53694,274.6122,0.6061096,-1.33107,10.865616,5.9579163
2026-03-10 15:00:00,285.3039,282.3673,82.2500747572309,-0.48770142,0.70224,100740.45,0.00027179718,345.86664,0.98999023,801.5156,0.8549816914238669,54988.812,14956.66,248.31482,274.5025,2.0906067,-0.18840027,11.64975,6.2610626
2026-03-10 16:00:00,285.33167,282.2839,81.64020731718065,0.3416443,0.24523926,100702.33,0.000118255615,110.99512,0.99401855,1429.7236,0.42055097475554326,54931.195,14926.18,248.04485,274.38992,3.296936,1.3679657,11.458786,6.3629913
2026-03-10 17:00:00,284.7334,282.2888,84.9520958906638,0.7826996,-0.5368042,100721.5,5.6743622e-05,64.58076,0.97927856,994.1545,0.9490929422231523,54927.06,14940.094,247.8695,274.4051,4.469345,2.1215363,10.931274,5.9999695
2026-03-10 18:00:00,284.61304,282.0692,84.37227455747635,0.831131,-0.745697,100755.32,2.6226044e-05,59.33288,0.92108154,918.4547,1.1166211331378249,54938.84,14967.285,247.67479,274.41705,5.8854065,2.530075,10.177063,5.7910004
2026-03-10 19:00:00,284.0954,281.98828,86.84110252077271,0.8141327,-0.76174927,100816.65,1.001358e-05,42.974537,0.89837646,587.4178,1.114932286533502,54964.56,15012.41,247.49315,274.42734,7.1746216,2.9555664,8.787125,5.7961426
2026-03-10 20:00:00,283.05548,281.7638,91.6748288976736,0.5565338,-0.7668457,100823.16,2.861023e-06,29.379503,0.78982544,528.3605,0.9475136928566942,54953.402,15015.418,247.39223,274.4951,8.1671295,3.284027,6.8348846,5.4748535
2026-03-10 21:00:00,282.87408,281.45407,90.86960682856669,0.3876648,-0.698822,100857.91,2.861023e-06,22.335514,0.70602417,448.436,0.7991471609428642,54970.344,15045.078,247.38214,274.52496,8.445145,3.8244781,4.233963,4.8621216
2026-03-10 22:00:00,282.58313,281.19263,91.03185767335921,0.6680908,-0.002532959,100867.016,1.9073486e-06,25.623213,0.5340576,714.1332,0.6680956016364242,54978.613,15060.242,247.12146,274.2619,10.400467,0.3090515,3.484192,4.6322784
2026-03-10 23:00:00,282.71985,281.2458,90.52615083111924,1.101471,-0.721405,100862.97,9.536743e-07,23.889439,0.3701477,601.5893,1.3166865754104127,55004.938,15057.105,247.36157,274.51343,10.43988,0.87612915,1.8258667,4.760849
2026-03-11 00:00:00,282.3725,281.09927,91.74655901525107,0.95114136,-1.0891876,100838.75,1.4305115e-06,32.355545,0.4992981,494.09467,1.4460288775458152,54994.99,15028.977,247.44812,274.5863,10.184143,1.6690369,0.67089844,4.130432
2026-03-11 01:00:00,282.3277,281.22574,92.81808873909378,0.79556274,-0.56552124,100835.4,9.536743e-07,26.804138,0.46121216,453.98254,0.9760811165919794,54988.0,15018.406,247.40105,274.38586,10.01741,1.9730225,-0.35665894,4.0219116
2026-03-11 02:00:00,282.1407,281.10306,93.21468621423814,0.685379,-0.2795105,100807.414,9.536743e-07,27.203558,0.5442505,401.32294,0.740182743146076,54951.543,14989.156,247.39949,274.2527,9.847534,2.5406342,-0.9604187,4.191147
2026-03-11 03:00:00,281.8942,280.9009,93.48375648300208,0.5908966,-0.33447266,100798.78,7.1525574e-07,28.424797,0.69433594,397.33398,0.6789924536981509,54935.527,14979.465,247.52518,274.11398,9.746689,3.3498535,-0.9887848,3.6563416
2026-03-11 04:00:00,281.63745,280.73123,94.02780411196183,0.52867126,-0.27131653,100804.984,1.4305115e-06,29.39434,0.92196655,349.05396,0.5942271961137663,54932.26,14983.766,247.66417,273.92044,9.765137,3.3512726,-0.66070557,2.6378021
2026-03-11 05:00:00,281.4502,280.63702,94.61829393729876,0.51802063,0.008987427,100782.97,1.4305115e-06,29.00764,0.9180603,332.17484,0.5180985880599147,54914.11,14965.309,247.83116,273.93793,9.982925,2.7104034,-0.56259155,2.054947
2026-03-11 06:00:00,281.40356,280.41263,93.47423466165729,0.54818726,0.06651306,100790.19,9.536743e-07,28.315147,0.9038086,149.95723,0.5522076232513194,54923.18,14966.707,248.03111,273.99707,10.347275,2.2899628,-0.5342407,1.8591919
2026-03-11 07:00:00,282.1234,280.9468,92.3365777944281,0.68940735,-0.09529114,100815.25,4.7683716e-07,43.807945,0.8720398,518.51,0.695961849239254,54941.582,14983.523,248.15558,274.0266,10.727661,2.1096802,-0.13200378,1.8282776
2026-03-11 08:00:00,282.8617,281.48297,91.12343701907498,0.47991943,-0.004119873,100828.31,4.7683716e-07,102.564285,0.81832886,201.26024,0.47993711321907684,54955.11,14994.289,248.19806,274.02655,11.209961,2.0994568,-0.06791687,2.0983734
2026-03-11 09:00:00,283.93207,281.6042,85.53797208950333,0.42749023,0.23841858,100837.27,1.4305115e-06,206.279,0.8608093,378.77725,0.48948065951033176,54972.84,15005.645,248.28807,274.11374,11.331512,2.153656,-0.51885986,2.5615997
2026-03-11 10:00:00,285.0617,281.8773,80.85530649659067,1.1221008,1.2299957,100828.93,1.7166138e-05,609.28894,0.76660156,471.46725,1.6649323191586887,54966.867,14991.891,248.53224,273.25708,11.044601,0.21165466,-3.4678955,0.8074188
2026-03-11 11:00:00,286.03253,281.70966,75.00756603245455,0.802063,1.2217865,100798.03,4.005432e-05,784.3489,0.8406372,640.165,1.4615290991120398,54966.87,14989.242,248.6192,273.61902,10.509628,-0.20600891,-2.8392181,2.2231293
2026-03-11 12:00:00,287.14407,281.3719,68.1915172015525,0.6388092,1.116272,100742.266,7.724762e-05,916.17914,0.99401855,815.6489,1.286133885716662,54945.18,14968.566,248.65346,273.8529,10.743637,0.79039,-1.3210297,2.7164154
2026-03-11 13:00:00,287.50583,281.22394,65.94707201897143,0.82151794,1.0536346,100662.0,1.04904175e-05,815.753,0.9986267,1114.0759,1.3360529914861177,54909.883,14921.289,248.99707,274.05222,10.711914,1.4369507,-1.0953064,2.649475
2026-03-11 14:00:00,287.4684,280.63666,63.515571541299906,0.9452667,0.87654114,100592.56,1.335144e-05,894.46686,0.9992981,1216.8138,1.2891289711434577,54887.99,14870.547,249.19333,274.15015,10.532166,1.6014404,-1.61026,3.208313
2026-03-11 15:00:00,287.5415,280.56653,62.914149625666994,0.7896576,0.5071106,100538.53,3.8146973e-06,1106.8885,1.0,932.47424,0.9384669870965733,54874.207,14833.594,249.24664,274.15125,10.476471,1.8736572,-2.039215,3.76474
2026-03-11 16:00:00,287.24982,279.96213,61.5145051585483,0.22721863,-0.061904907,100491.08,0.0,194.75307,1.0,929.72424,0.23550058031723733,54866.04,14795.695,249.5497,274.1753,10.158752,2.9398956,-2.5708923,4.4710236
2026-03-11 17:00:00,286.151,281.00702,70.96342794875406,-0.15550232,-0.80133057,100471.78,0.0,98.503204,0.9992981,1017.225,0.8162791519706399,54869.883,14778.496,249.86119,274.41226,9.29657,4.0928345,-2.9550323,4.233032
2026-03-11 18:00:00,284.82162,280.88147,76.77919607162929,-0.5851898,-1.1674957,100512.22,0.0,42.952534,0.980011,886.98114,1.3059453708109425,54905.234,14811.059,249.98575,274.583,8.205734,4.366089,-3.1020966,3.9146423
2026-03-11 19:00:00,284.03107,280.53253,79.00339337867871,-0.9153137,-0.97143555,100537.5,0.0,38.13636,0.98669434,791.88464,1.3347232661535096,54917.58,14829.578,249.97134,274.65143,7.259674,3.8631592,-3.0842743,4.0169525
2026-03-11 20:00:00,283.74176,280.70575,81.49628301264151,-1.22258,-0.8170624,100534.53,0.0,38.461338,0.9701843,630.3917,1.4704736726285719,54912.645,14824.285,249.93048,274.86047,6.879425,3.5667114,-2.8763428,4.212036
2026-03-11 21:00:00,283.40253,280.90717,84.51294238653864,-1.2400208,-0.7634125,100534.45,1.4305115e-06,42.072823,0.9442444,626.82556,1.4561765791238679,54908.047,14823.637,249.87558,275.17206,6.081192,3.686386,-2.3245087,4.1908875
2026-03-11 22:00:00,283.31528,280.39066,82.0627353507894,-0.8991852,-1.6588593,100513.19,1.1444092e-05,95.45199,0.8211365,761.3219,1.8868884972609086,54864.39,14831.078,249.0789,275.22723,5.6345215,3.3846893,-0.32958984,2.7742157
2026-03-11 23:00:00,282.96005,280.42404,84.2285308023715,-1.0098724,-1.526413,100505.58,3.6239624e-05,58.845314,0.9535217,856.06146,1.8302401238227621,54845.812,14825.613,249.02666,275.2765,5.120224,2.3635864,0.513031,2.8857117
2026-03-12 00:00:00,282.9594,280.57196,85.08782004986308,-1.0838623,-0.057922363,100458.42,9.012222e-05,36.30558,0.99334717,801.06323,1.0854089024403633,54805.633,14787.801,248.84045,275.30878,4.2176514,3.1718292,1.872757,3.1114044
2026-03-12 01:00:00,282.89435,280.8056,86.83264281650531,-0.860672,0.17565918,100455.055,0.00026988983,32.92731,1.0,745.574,0.8784147306951725,54787.418,14782.93,248.69786,275.439,3.2529755,3.1957245,3.6536407,2.0026703
2026-03-12 02:00:00,283.00848,280.9212,86.85244585361713,-0.944046,-0.35887146,100408.05,0.00035715103,31.822208,1.0,1009.5502,1.009956224258523,54726.977,14732.102,248.63118,275.4435,2.8383179,2.2635193,5.278885,0.68688965
2026-03-12 03:00:00,282.81284,281.44,91.15655592570792,-0.23135376,-1.1020508,100398.414,0.00042915344,23.911678,1.0,1080.5378,1.1260730562653463,54685.918,14715.016,248.6895,275.29657,1.8940582,1.2405396,6.136032,-0.74523926
2026-03-12 04:00:00,282.52673,281.14154,91.06088741141713,-0.09954834,-0.93304443,100400.55,0.00052690506,26.494864,1.0,1879.38,0.9383399066174158,54649.277,14712.086,248.46684,275.04663,-0.057785034,0.34803772,5.6451263,-1.9040527
2026-03-12 05:00:00,282.43433,280.80408,89.54784203966877,-0.10934448,-1.113617,100407.02,0.00060749054,28.077953,1.0,1996.2699,1.118972313328382,54638.25,14708.719,248.0827,274.87646,-2.3585663,-0.48698425,4.5098114,-2.7636414
2026-03-12 06:00:00,282.37964,280.97968,90.95943272404413,-0.174057,-1.1548309,100451.86,0.000415802,29.393284,1.0,1232.5084,1.167874242734983,54666.453,14739.883,247.89839,274.73535,-3.6770172,-1.5645294,3.8001099,-3.2971344
2026-03-12 07:00:00,282.76086,281.5188,91.96499004190936,-0.26200867,-1.1122742,100499.53,0.00012731552,25.837431,1.0,3325.8936,1.1427171299760974,54704.01,14776.391,247.8849,274.73184,-3.6923218,-2.6491852,3.3712158,-3.427185
2026-03-12 08:00:00,284.1416,282.2699,88.23522049355329,-0.20179749,-0.45072937,100574.93,6.580353e-05,31.597454,1.0,3785.6174,0.49384126189586164,54784.363,14839.914,247.91179,274.87183,-2.7768707,-3.393921,2.5247955,-3.2976837
2026-03-12 09:00:00,285.94516,283.0936,82.80115297429094,-0.19985962,0.22406006,100598.09,5.2452087e-06,190.75143,1.0,4195.508,0.30024453066417045,54837.754,14864.152,248.17342,275.05045,-1.3495026,-3.935318,1.2510681,-2.902954
2026-03-12 10:00:00,287.7154,283.5481,76.07710391950039,-0.1491394,1.7470398,100606.14,1.2397766e-05,488.75912,0.99401855,2460.301,1.7533940297082113,54907.785,14927.129,247.846,275.94122,-0.0017242432,-3.5112762,-1.9778442,-2.6774292
2026-03-12 11:00:00,288.5916,283.33197,70.8775812544139,-0.23754883,1.274765,100600.48,0.00014781952,681.7505,1.0,2566.8281,1.2967093937576641,54949.17,14929.609,247.9923,276.01706,0.2033844,-3.3366394,-2.9670563,-2.0660553
2026-03-12 12:00:00,289.3556,282.9206,65.6665752054998,-0.3766632,0.7477722,100581.16,2.9563904e-05,814.73285,0.9992981,916.7947,0.8372803767717717,54949.35,14929.441,248.01466,276.02502,0.5721741,-2.8819733,-4.316696,-1.620224
2026-03-12 13:00:00,290.13275,281.69736,57.559738181480505,-0.364563,0.46055603,100506.42,1.1444092e-05,920.88617,0.9824829,1120.5503,0.5873823607654225,54935.73,14883.199,248.06314,276.28824,0.38919067,-2.3395844,-5.5496216,-1.9342346
2026-03-12 14:00:00,290.44208,281.39288,55.29144364148305,-0.45230103,0.4837036,100460.59,0.0,933.9201,0.89779663,1372.2931,0.6622276001436522,54947.715,14863.086,248.07706,276.8096,0.17874146,-2.3292694,-5.857361,-2.698761
2026-03-12 15:00:00,290.48798,281.50565,55.55449178707084,-1.0432434,0.9919586,100442.625,0.0,796.56995,0.80825806,1318.062,1.4395619666264874,54963.77,14863.648,248.08939,277.3678,-0.44448853,-2.8021545,-5.845825,-2.8636932
2026-03-12 16:00:00,289.87466,281.9303,59.438410757628226,-0.97161865,2.0244293,100402.92,0.0,615.9577,0.47094727,,2.2455192699521223,54959.633,14837.668,248.30347,277.67035,-1.2293549,-3.276413,-5.6280518,-1.9586029
2026-03-12 17:00:00,288.48352,283.68402,73.06666346975284,-0.8603668,1.3089294,100435.484,0.0,180.55817,0.39483643,,1.5663739032321113,54970.016,14850.176,248.47124,277.5967,-1.7108002,-3.6255188,-4.809189,-1.6877136
2026-03-12 18:00:00,286.88507,283.54132,80.24355011945887,-1.3802032,1.5152893,100508.72,0.0,93.17005,0.35513306,4385.275,2.0496493690347943,55000.934,14899.246,248.50343,277.3152,-1.0879669,-4.020355,-5.13179,-1.1949463
2026-03-12 19:00:00,285.00702,282.1805,82.82505317492644,-1.8358002,1.3492126,100572.92,0.0,51.60917,0.31323242,1073.0287,2.278275008491907,55020.254,14936.684,248.48546,277.0047,-0.8706665,-4.008728,-5.8494263,-0.732254
2026-03-12 20:00:00,284.13324,281.34375,82.92512624264965,-2.0092163,0.2508545,100621.016,0.0,35.70284,0.18746948,996.23,2.024815576875074,55036.57,14961.508,248.36003,276.7473,-1.170517,-4.0766144,-6.620163,-0.46066284
2026-03-12 21:00:00,284.4647,281.9902,84.75142484642582,-1.856842,-0.21354675,100649.3,0.0,36.827156,0.19891357,654.4629,1.8690811719664726,55047.79,14971.773,248.17126,276.48187,-2.157959,-4.1485596,-7.557022,0.016525269
2026-03-12 22:00:00,283.17368,281.59827,89.93923591755711,-0.27774048,-0.70059204,100648.8,0.0,14.498273,0.28903198,609.4478,0.7536371678347559,55077.832,14987.203,247.85883,276.18433,-3.7000885,-3.601715,-7.4280396,-0.52215576
2026-03-12 23:00:00,282.649,281.20914,90.73161703956552,-0.8703766,-0.85217285,100646.19,1.4305115e-06,30.591257,0.3493042,562.856,1.2180944101770939,55068.4,14970.215,247.90544,276.32523,-4.808548,-2.7595825,-6.6204224,-0.7914429
