valid_time,u10,v10,d2m,t2m,blh,cbh,sp,tcc,tp,latitude,longitude
2026-03-01 00:00:00,-1.2540283,-0.5723114,281.63806,283.19373,31.963226,822.22644,100798.67,0.87802124,0.0,45.5,9.25
2026-03-01 01:00:00,-0.8356018,-0.6148834,281.53995,282.90924,22.768602,821.54565,100813.67,0.90652466,0.0,45.5,9.25
2026-03-01 02:00:00,-0.7748413,0.4440155,281.71823,282.85132,28.508335,820.2612,100812.016,0.9192505,9.536743e-07,45.5,9.25
2026-03-01 03:00:00,-0.7163391,0.23466492,281.67267,282.7173,39.850513,396.53946,100841.195,0.81347656,1.9073486e-06,45.5,9.25
2026-03-01 04:00:00,-1.0957794,0.17622375,281.8022,282.7107,47.587524,252.46167,100856.266,0.9651489,5.2452087e-06,45.5,9.25
2026-03-01 05:00:00,-1.4004059,-0.13841248,281.8379,282.703,65.21486,72.347595,100861.08,0.98999023,6.67572e-06,45.5,9.25
2026-03-01 06:00:00,-1.6480255,-0.39463806,281.76056,282.62634,96.78597,41.13127,100899.97,0.97717285,2.861023e-06,45.5,9.25
2026-03-01 07:00:00,-2.114334,-0.58273315,281.74936,282.59164,135.63661,146.68822,100929.11,0.9284668,1.1444092e-05,45.5,9.25
2026-03-01 08:00:00,-2.209015,-0.41531372,281.8189,282.77997,199.91359,139.22426,100997.36,0.9992981,4.2915344e-06,45.5,9.25
2026-03-01 09:00:00,-2.5764923,-0.17929077,281.69257,282.811,268.47574,197.48627,101014.69,0.9945679,5.722046e-06,45.5,9.25
2026-03-01 10:00:00,-2.516327,0.35028076,281.8797,283.44806,256.6872,310.7506,101048.92,1.0,2.7656555e-05,45.5,9.25
2026-03-01 11:00:00,-2.4837189,0.348114,281.97794,283.7862,280.9931,360.76483,101058.1,1.0,3.1471252e-05,45.5,9.25
2026-03-01 12:00:00,-2.8464203,0.43870544,282.06512,284.13446,329.6452,444.98618,101014.17,0.98739624,2.7179718e-05,45.5,9.25
2026-03-01 13:00:00,-2.9384155,0.30940247,282.08633,284.68933,404.7103,512.7562,100958.516,0.9992981,4.1007996e-05,45.5,9.25
2026-03-01 14:00:00,-2.918396,0.28897095,282.3261,285.00455,459.2518,616.79126,100932.664,0.98999023,1.7166138e-05,45.5,9.25
2026-03-01 15:00:00,-2.664215,0.46720886,282.5307,285.09003,499.39517,544.8778,100929.31,1.0,7.6293945e-06,45.5,9.25
2026-03-01 16:00:00,-2.4237213,0.67626953,282.32605,284.94525,458.6569,532.2622,100905.81,0.9880676,5.722046e-06,45.5,9.25
2026-03-01 17:00:00,-1.7467041,0.4237671,282.17212,284.65192,345.77844,462.1175,100920.55,0.99664307,6.67572e-06,45.5,9.25
2026-03-01 18:00:00,-1.7753601,0.22834778,282.26373,284.34473,260.6409,391.3224,100935.24,0.9840393,7.1525574e-06,45.5,9.25
2026-03-01 19:00:00,-1.8518066,-0.19438171,282.1397,284.08865,213.53156,557.9088,100971.06,0.98999023,1.001358e-05,45.5,9.25
2026-03-01 20:00:00,-1.8465271,-0.34017944,282.11432,283.8349,190.64543,1178.1947,101000.66,0.9611206,0.00018548965,45.5,9.25
2026-03-01 21:00:00,-1.9797974,-0.40957642,281.66534,283.69547,186.73602,1265.1887,101030.9,0.8161621,0.00020265579,45.5,9.25
2026-03-01 22:00:00,-1.7091675,-0.4368286,281.6353,283.34534,76.62172,1258.6592,101012.055,0.95700073,0.00017929077,45.5,9.25
2026-03-01 23:00:00,-1.3770294,0.18989563,281.6103,283.2547,100.022644,1751.4084,100963.984,0.7720337,0.00013446808,45.5,9.25
2026-03-02 00:00:00,-0.9343109,0.18411255,281.56665,283.11884,68.01007,1404.6827,100934.62,0.7966919,0.00019741058,45.5,9.25
2026-03-02 01:00:00,-1.3629303,0.07345581,281.58026,282.9463,45.170265,1371.9058,100949.96,0.96295166,0.000106334686,45.5,9.25
2026-03-02 02:00:00,-1.3239441,-0.03526306,281.4246,282.70862,38.593334,153.63425,100907.86,0.9833374,0.00011634827,45.5,9.25
2026-03-02 03:00:00,-1.0239868,-0.019317627,281.29114,282.42365,54.474808,114.40883,100893.84,0.9895935,7.104874e-05,45.5,9.25
2026-03-02 04:00:00,-1.1844635,0.11341858,281.34866,282.41785,68.31003,98.172455,100900.01,0.9875183,5.1498413e-05,45.5,9.25
2026-03-02 05:00:00,-1.2371521,0.31214905,281.46753,282.3886,81.71339,56.229538,100889.414,0.9721985,8.6307526e-05,45.5,9.25
2026-03-02 06:00:00,-1.1994324,0.22877502,281.56476,282.54852,79.4514,30.297058,100916.52,0.9448242,0.00010108948,45.5,9.25
2026-03-02 07:00:00,-1.3185425,0.32048035,281.75323,282.74045,111.19192,156.9361,100924.15,0.8595581,0.00013256073,45.5,9.25
2026-03-02 08:00:00,-1.1295013,0.40098572,282.25977,283.2533,180.9571,227.41737,100991.08,0.8447876,0.00029563904,45.5,9.25
2026-03-02 09:00:00,-1.289093,0.8236847,281.51617,283.5562,314.84708,109.30441,101009.17,0.979126,0.000269413,45.5,9.25
2026-03-02 10:00:00,-1.6780853,0.6777649,283.52917,284.25018,360.82986,117.70958,100987.99,0.9992981,0.00014925003,45.5,9.25
2026-03-02 11:00:00,-1.8929596,0.62171936,283.82928,284.50714,220.64049,107.68768,100997.484,0.9344177,0.0002861023,45.5,9.25
2026-03-02 12:00:00,-1.7245636,0.2897339,283.97565,285.1834,334.33066,93.47089,100971.68,0.8740845,0.00033283234,45.5,9.25
2026-03-02 13:00:00,-1.750061,-0.3425293,284.1438,285.87097,486.06955,116.51767,100912.58,0.8346863,0.00025129318,45.5,9.25
2026-03-02 14:00:00,-2.044098,-0.85847473,283.99377,286.0354,616.0009,257.22455,100882.266,0.8411865,0.00022792816,45.5,9.25
2026-03-02 15:00:00,-2.146759,-1.2632141,283.77985,286.1508,444.48636,327.80826,100849.51,0.5697632,0.00041389465,45.5,9.25
2026-03-02 16:00:00,-1.9331818,-0.7519989,283.84534,286.00333,388.72888,360.39206,100853.88,0.5590515,0.0005502701,45.5,9.25
2026-03-02 17:00:00,-1.856842,-0.17530823,283.72455,285.01117,202.49673,404.83405,100878.64,0.5930786,0.00012874603,45.5,9.25
2026-03-02 18:00:00,-1.8947754,-0.10749817,283.16156,284.22504,105.78554,669.7707,100934.11,0.4267273,1.5735626e-05,45.5,9.25
2026-03-02 19:00:00,-1.8271179,-0.26507568,282.32172,283.66302,98.15655,774.72485,100975.875,0.4941101,9.536743e-07,45.5,9.25
2026-03-02 20:00:00,-1.464508,-0.7254181,281.44717,282.83307,72.75968,811.2367,101011.56,0.565979,2.861023e-06,45.5,9.25
2026-03-02 21:00:00,-1.0827026,-0.8232422,281.06146,282.79633,60.497517,711.7425,101060.484,0.57888794,7.6293945e-06,45.5,9.25
2026-03-02 22:00:00,-1.5038605,-1.0529175,281.0622,282.84634,113.17547,653.673,101068.7,0.7307129,2.1457672e-05,45.5,9.25
2026-03-02 23:00:00,-1.1995392,-0.79039,281.1344,282.93292,80.485596,667.1952,101104.7,0.7183838,2.2411346e-05,45.5,9.25
2026-03-03 00:00:00,-1.3913116,-0.64707947,280.9382,282.58673,68.070244,390.7155,101091.34,0.6725769,1.5258789e-05,45.5,9.25
2026-03-03 01:00:00,-1.3820801,-0.66064453,280.53723,282.36584,51.929825,390.46832,101102.17,0.6589966,1.1920929e-05,45.5,9.25
2026-03-03 02:00:00,-1.0375061,-0.78315735,280.21277,282.23172,47.110245,406.95978,101104.016,0.46783447,1.1444092e-05,45.5,9.25
2026-03-03 03:00:00,-1.0285034,-0.99842834,280.01376,282.31757,26.307983,283.4019,101104.09,0.40344238,4.4345856e-05,45.5,9.25
2026-03-03 04:00:00,-0.44056702,-0.08894348,279.64304,281.79294,16.255644,356.12262,101146.65,0.48660278,0.00011539459,45.5,9.25
2026-03-03 05:00:00,0.685318,-0.20852661,278.976,281.1037,19.217321,336.7448,101144.3,0.576416,9.393692e-05,45.5,9.25
2026-03-03 06:00:00,0.26887512,-0.6721344,278.5115,280.96854,18.710062,226.13002,101167.484,0.7351074,0.00010061264,45.5,9.25
2026-03-03 07:00:00,0.09043884,-0.6675873,278.94757,280.9949,19.885962,255.21832,101189.95,0.5627136,3.9100647e-05,45.5,9.25
2026-03-03 08:00:00,-0.20283508,-0.21141052,280.4687,283.01178,89.56562,309.69012,101218.2,0.63150024,1.9073486e-06,45.5,9.25
2026-03-03 09:00:00,-0.41653442,0.40829468,281.94394,284.85138,306.0078,433.73688,101246.125,0.4890747,0.0,45.5,9.25
2026-03-03 10:00:00,-0.75315857,0.86746216,281.47894,285.3745,388.85858,506.1194,101236.74,0.522522,6.866455e-05,45.5,9.25
2026-03-03 11:00:00,-0.8482666,0.74324036,283.20038,288.77527,426.6448,714.5189,101221.63,0.54122925,0.00010204315,45.5,9.25
2026-03-03 12:00:00,-0.6326599,0.5993042,282.34897,288.98547,579.7104,823.4252,101199.09,0.5133667,7.343292e-05,45.5,9.25
2026-03-03 13:00:00,-0.6515808,0.470932,281.88623,289.1101,712.4572,871.4576,101123.83,0.6208496,4.5776367e-05,45.5,9.25
2026-03-03 14:00:00,-0.7689972,0.22254944,281.85596,289.16003,758.4968,942.4362,101072.77,0.44158936,2.7656555e-05,45.5,9.25
2026-03-03 15:00:00,-0.63705444,0.621933,281.87164,289.1456,655.12646,1019.97455,101030.445,0.19128418,3.0040741e-05,45.5,9.25
2026-03-03 16:00:00,-0.57247925,1.2481995,281.72327,288.6041,274.93097,1098.612,101028.05,0.23529053,3.8146973e-06,45.5,9.25
2026-03-03 17:00:00,-0.6804199,1.4080505,282.84064,286.8083,123.57883,1161.2357,101053.42,0.25457764,0.0,45.5,9.25
2026-03-03 18:00:00,-0.97190857,1.1644897,281.49078,284.79968,68.066345,1922.2693,101075.67,0.2347107,0.0,45.5,9.25
2026-03-03 19:00:00,-1.5738373,0.36260986,280.91486,283.16885,49.59504,768.3188,101137.53,0.21478271,0.0,45.5,9.25
2026-03-03 20:00:00,-1.8140564,-0.04034424,280.5407,282.5435,54.617073,662.87415,101178.42,0.2854309,0.0,45.5,9.25
2026-03-03 21:00:00,-1.7936707,-0.3558197,280.28253,282.06845,63.486675,621.16943,101221.01,0.4390869,0.0,45.5,9.25
2026-03-03 22:00:00,-2.1104279,-0.19078064,280.6264,282.58405,84.30472,600.96924,101198.34,0.59243774,4.7683716e-07,45.5,9.25
2026-03-03 23:00:00,-1.7524872,-0.42251587,280.1754,282.05914,59.531166,582.5187,101222.17,0.51623535,4.7683716e-07,45.5,9.25
2026-03-04 00:00:00,-1.3713684,-0.4967041,279.72513,281.53882,39.49646,543.46594,101206.59,0.57559204,0.0,45.5,9.25
2026-03-04 01:00:00,-1.172226,-0.79582214,279.15375,281.05084,39.537083,531.09705,101196.2,0.61505127,0.0,45.5,9.25
2026-03-04 02:00:00,-1.0511322,-1.303299,278.83282,280.72784,43.83997,519.8431,101160.33,0.6496887,0.0,45.5,9.25
2026-03-04 03:00:00,-1.0162354,-0.95225525,279.16617,280.7835,37.950806,434.82153,101157.13,0.7382202,4.7683716e-07,45.5,9.25
2026-03-04 04:00:00,-0.99458313,-0.24273682,278.97797,280.57693,28.107906,178.84036,101140.66,0.19210815,4.7683716e-07,45.5,9.25
2026-03-04 05:00:00,-1.0180511,-0.047958374,278.66956,280.12042,27.466356,198.4037,101126.41,0.22735596,0.0,45.5,9.25
2026-03-04 06:00:00,-1.0028839,-0.047943115,278.60623,280.05728,27.798416,111.86107,101157.53,0.23782349,0.0,45.5,9.25
2026-03-04 07:00:00,-0.71810913,-0.37669373,278.77582,280.55756,29.494919,555.04297,101176.125,0.2616577,0.0,45.5,9.25
2026-03-04 08:00:00,-0.8699188,-0.04437256,279.18915,281.73727,237.4377,562.41974,101236.37,0.3692932,9.536743e-07,45.5,9.25
2026-03-04 09:00:00,-0.9214325,0.06915283,279.70654,283.32043,355.4194,611.4551,101246.5,0.46850586,0.0,45.5,9.25
2026-03-04 10:00:00,-0.26522827,-0.35984802,280.0418,285.02094,545.39557,734.90106,101231.6,0.7555237,2.9563904e-05,45.5,9.25
2026-03-04 11:00:00,0.2928772,0.05055237,280.60226,286.86548,591.3324,818.14056,101210.805,0.8048401,6.198883e-06,45.5,9.25
2026-03-04 12:00:00,0.70936584,-0.0789032,280.44464,287.81598,603.71124,971.90686,101140.234,0.9992981,1.4305115e-06,45.5,9.25
2026-03-04 13:00:00,0.40486145,-0.23512268,280.37036,288.7201,917.4945,981.6798,101074.69,0.7923584,6.198883e-06,45.5,9.25
2026-03-04 14:00:00,-0.14300537,0.36383057,280.76035,289.1242,967.52527,1054.1516,101015.484,0.5316162,3.33786e-06,45.5,9.25
2026-03-04 15:00:00,-0.35801697,1.0715027,280.69263,289.21777,599.68506,1187.407,100987.62,0.19854736,0.0,45.5,9.25
2026-03-04 16:00:00,-0.36724854,1.2775269,281.4204,289.04565,489.35367,1370.4216,100941.45,0.110443115,0.0,45.5,9.25
2026-03-04 17:00:00,-0.5871124,1.3699951,281.773,288.98688,114.00523,1328.439,100981.48,0.066711426,0.0,45.5,9.25
2026-03-04 18:00:00,-0.84487915,1.1926575,280.05804,285.61078,61.027763,1371.4358,101015.125,0.058532715,0.0,45.5,9.25
2026-03-04 19:00:00,-1.2730103,0.4635315,279.28168,284.11475,51.79765,1261.1654,101060.125,0.04953003,0.0,45.5,9.25
2026-03-04 20:00:00,-1.3561096,0.24914551,279.07538,283.3117,48.3826,736.4754,101111.42,0.044006348,0.0,45.5,9.25
2026-03-04 21:00:00,-1.7982178,0.24484253,279.1037,282.15472,44.202618,704.97394,101155.66,0.19787598,0.0,45.5,9.25
2026-03-04 22:00:00,-1.885498,0.18789673,280.2469,282.01266,64.08423,686.20764,101159.375,0.2730713,0.0,45.5,9.25
2026-03-04 23:00:00,-1.6744995,-0.86654663,279.93976,282.115,64.91584,443.6878,101156.08,0.27676392,0.0,45.5,9.25
2026-03-05 00:00:00,-1.6635895,-1.177185,279.51825,281.64392,80.29725,443.13153,101149.4,0.24227905,0.0,45.5,9.25
2026-03-05 01:00:00,-1.5047302,-0.97909546,278.89142,281.06476,93.30324,297.57886,101138.83,0.3420105,0.0,45.5,9.25
2026-03-05 02:00:00,-1.1277924,-0.49536133,279.63525,281.04938,71.617584,297.27567,101088.58,0.3529358,0.0,45.5,9.25
2026-03-05 03:00:00,-0.7619171,0.28372192,279.6831,281.1018,56.759644,92.22316,101069.95,0.5050659,0.0,45.5,9.25
2026-03-05 04:00:00,-0.77323914,0.7111206,279.79785,281.11002,66.293015,30.187042,101077.016,0.49526978,0.0,45.5,9.25
2026-03-05 05:00:00,-0.91752625,0.44256592,280.27258,281.30453,68.141014,30.166397,101099.03,0.4570923,0.0,45.5,9.25
2026-03-05 06:00:00,-1.0785522,0.03265381,280.34378,281.50616,66.31296,30.149307,101107.35,0.51831055,4.7683716e-07,45.5,9.25
2026-03-05 07:00:00,-1.616745,-0.18823242,280.47867,281.7149,103.239746,457.18723,101120.89,0.87323,0.0,45.5,9.25
2026-03-05 08:00:00,-1.8990173,0.2668152,280.28705,281.97354,307.9595,282.71136,101162.87,0.96728516,0.0,45.5,9.25
2026-03-05 09:00:00,-2.0638428,0.6299591,280.12402,282.6278,393.15494,379.6874,101170.39,1.0,2.3841858e-06,45.5,9.25
2026-03-05 10:00:00,-1.2772827,0.40682983,279.63303,283.59973,364.91705,497.91483,101171.56,1.0,3.6239624e-05,45.5,9.25
2026-03-05 11:00:00,-1.5705566,0.5950165,278.7224,283.85223,499.2288,667.43823,101155.72,1.0,6.914139e-05,45.5,9.25
2026-03-05 12:00:00,-2.0005493,0.51174927,278.21057,284.24988,449.0259,740.41394,101097.83,1.0,3.6239624e-05,45.5,9.25
2026-03-05 13:00:00,-1.7923126,0.9147644,278.3783,284.82092,606.20935,874.19415,101015.37,1.0,6.198883e-06,45.5,9.25
2026-03-05 14:00:00,-1.6703491,1.7946167,279.01688,285.50842,531.81525,1006.75946,100966.95,1.0,2.861023e-06,45.5,9.25
2026-03-05 15:00:00,-1.6271057,1.8612671,278.98682,285.51212,615.2106,991.53784,100941.414,0.9701843,0.0,45.5,9.25
2026-03-05 16:00:00,-1.5163422,1.0661469,279.02863,285.2288,526.7498,1219.9889,100897.95,0.6482239,0.0,45.5,9.25
2026-03-05 17:00:00,-0.9270172,0.27793884,280.48923,284.48776,193.61641,1082.3622,100901.64,0.61169434,0.0,45.5,9.25
2026-03-05 18:00:00,-0.60198975,0.66334534,280.2165,283.9604,115.593346,1078.0747,100923.14,0.7381897,0.0,45.5,9.25
2026-03-05 19:00:00,-0.28286743,0.92263794,279.05875,283.36792,69.593254,749.9878,100939.984,0.83477783,0.0,45.5,9.25
2026-03-05 20:00:00,0.12823486,1.0769348,278.3277,282.36542,32.927452,715.3937,100969.266,0.8545532,0.0,45.5,9.25
2026-03-05 21:00:00,0.44026184,0.28573608,279.1256,282.70145,18.382305,461.90942,100970.65,0.7183838,0.0,45.5,9.25
2026-03-05 22:00:00,-0.8493805,0.20864868,279.80447,281.75555,32.92688,74.93422,100996.32,0.6984253,0.0,45.5,9.25
2026-03-05 23:00:00,-0.7753296,-0.64505005,280.1247,281.60864,32.694664,58.41736,100961.25,0.85092163,0.0,45.5,9.25
2026-03-06 00:00:00,-0.15159607,-0.82447815,280.12665,281.5219,23.804495,58.39688,100945.55,0.9642334,0.0,45.5,9.25
2026-03-06 01:00:00,0.20393372,-0.9484863,279.31598,280.79147,29.127274,43.57057,100919.11,0.9814148,0.0,45.5,9.25
2026-03-06 02:00:00,0.46188354,-0.8756714,279.04572,280.53973,38.282593,30.117676,100899.766,0.99401855,0.0,45.5,9.25
2026-03-06 03:00:00,0.5444336,-0.92378235,279.3775,280.63245,39.525032,30.152344,100880.414,1.0,0.0,45.5,9.25
2026-03-06 04:00:00,0.28311157,-0.7691345,279.21704,280.32587,33.360573,30.179428,100859.766,0.99401855,0.0,45.5,9.25
2026-03-06 05:00:00,0.007293701,-0.093185425,278.7374,279.85522,30.770355,30.06401,100861.125,0.9952698,0.0,45.5,9.25
2026-03-06 06:00:00,0.056518555,-0.65267944,278.58203,279.9154,20.113598,69.317856,100881.28,0.96099854,0.0,45.5,9.25
2026-03-06 07:00:00,-0.2921753,-1.2003174,278.3563,279.88702,33.426414,346.6482,100928.59,0.9812012,0.0,45.5,9.25
2026-03-06 08:00:00,-0.41532898,-0.9087372,278.90674,280.8197,86.25383,187.93915,100938.1,0.9373474,0.0,45.5,9.25
2026-03-06 09:00:00,-0.76608276,-0.30682373,279.8724,282.38974,264.72513,370.93875,100940.29,0.94229126,0.0,45.5,9.25
2026-03-06 10:00:00,-1.4558868,0.26805115,279.81238,285.0425,529.8055,624.41345,100962.65,0.8845215,0.0,45.5,9.25
2026-03-06 11:00:00,-1.95018,1.1456299,280.45694,286.58118,683.4441,747.87836,100920.91,0.8641968,0.0,45.5,9.25
2026-03-06 12:00:00,-1.8838348,1.489624,279.9782,287.59485,747.06116,787.3517,100919.16,0.8015137,4.7683716e-07,45.5,9.25
2026-03-06 13:00:00,-2.1673126,0.9593048,280.06802,288.1649,854.359,869.6421,100867.016,0.7319031,2.3841858e-06,45.5,9.25
2026-03-06 14:00:00,-2.1204987,0.59529114,279.49652,288.25592,869.5285,963.68994,100810.3,0.43566895,7.6293945e-06,45.5,9.25
2026-03-06 15:00:00,-1.9305725,0.8287811,279.3263,288.16364,817.4772,980.7315,100793.67,0.38427734,0.0,45.5,9.25
2026-03-06 16:00:00,-1.3007965,0.83680725,279.3191,287.5692,533.94684,1133.9819,100762.5,0.18676758,0.0,45.5,9.25
2026-03-06 17:00:00,-1.3255463,0.82336426,280.8388,285.64044,138.24834,1487.249,100796.625,0.071014404,0.0,45.5,9.25
2026-03-06 18:00:00,-1.6435852,1.1988983,279.4328,283.53027,63.597153,1427.4841,100836.766,0.04244995,0.0,45.5,9.25
2026-03-06 19:00:00,-1.6159515,1.079834,278.4729,282.52585,42.030975,1336.6809,100905.67,0.028747559,0.0,45.5,9.25
2026-03-06 20:00:00,-0.95266724,-0.11834717,277.95026,282.2926,24.885723,1416.6893,100959.19,0.027893066,0.0,45.5,9.25
2026-03-06 21:00:00,-0.7414551,-1.1135864,277.8418,282.46545,24.634724,1463.166,100989.3,0.036499023,0.0,45.5,9.25
2026-03-06 22:00:00,-0.9337921,-0.9451599,278.25784,280.67792,19.889862,1470.5333,100991.89,0.15838623,0.0,45.5,9.25
2026-03-06 23:00:00,-1.2564087,-1.0155792,277.86902,280.25986,20.427238,1430.2759,100980.734,0.25646973,0.0,45.5,9.25
2026-03-07 00:00:00,-0.43200684,-1.4422913,277.67487,280.3673,20.596985,1519.7118,101022.72,0.36224365,0.0,45.5,9.25
2026-03-07 01:00:00,0.22077942,-1.0736389,277.43802,280.01233,15.033684,1569.471,101024.0,0.59783936,0.0,45.5,9.25
2026-03-07 02:00:00,0.32139587,-0.7103424,277.18066,279.60608,13.082948,,100978.11,0.4584961,0.0,45.5,9.25
2026-03-07 03:00:00,0.32922363,-0.6936493,277.10443,279.2525,13.500942,1127.9972,100981.41,0.23034668,0.0,45.5,9.25
2026-03-07 04:00:00,0.40141296,-0.8256073,276.70154,278.56494,14.259558,1054.3119,101001.88,0.18356323,0.0,45.5,9.25
2026-03-07 05:00:00,0.45051575,-0.8029785,276.09674,277.85083,15.311406,659.2083,100996.08,0.060180664,0.0,45.5,9.25
2026-03-07 06:00:00,0.5088043,-0.7707062,276.1004,277.4891,17.61981,658.9123,101024.79,0.033447266,0.0,45.5,9.25
2026-03-07 07:00:00,0.39297485,-1.0020142,276.98276,278.62946,20.497486,,101047.25,0.030090332,0.0,45.5,9.25
2026-03-07 08:00:00,0.19903564,-0.49560547,278.2602,281.47528,57.480644,,101071.56,0.009307861,0.0,45.5,9.25
2026-03-07 09:00:00,0.09448242,0.013504028,279.6703,284.5188,247.5402,,101066.78,0.0,0.0,45.5,9.25
2026-03-07 10:00:00,0.4901886,0.14451599,280.00415,286.74255,512.6004,,101070.97,0.0,0.0,45.5,9.25
2026-03-07 11:00:00,0.17350769,0.7369232,279.56006,288.14124,715.111,,101036.234,0.0033569336,0.0,45.5,9.25
2026-03-07 12:00:00,-0.089767456,0.7742157,279.41806,289.3318,889.20483,,100986.305,0.07809448,0.0,45.5,9.25
2026-03-07 13:00:00,-0.39367676,0.6237793,279.1942,290.24957,1004.58575,,100909.42,0.119628906,0.0,45.5,9.25
2026-03-07 14:00:00,-0.4846344,0.59721375,279.12042,290.7246,979.71295,,100849.03,0.01739502,0.0,45.5,9.25
2026-03-07 15:00:00,-0.5296173,0.89941406,278.94574,290.6969,835.9419,,100829.91,0.0069274902,0.0,45.5,9.25
2026-03-07 16:00:00,-0.5168915,1.1388855,279.50055,289.85217,497.32605,,100805.336,0.0007019043,0.0,45.5,9.25
2026-03-07 17:00:00,-1.1924286,1.107544,280.80246,287.84796,111.29443,,100855.03,0.0,0.0,45.5,9.25
2026-03-07 18:00:00,-1.7648315,1.0212555,280.70435,285.3834,68.128654,,100903.15,0.0,0.0,45.5,9.25
2026-03-07 19:00:00,-2.2253265,0.30163574,279.52673,283.4979,54.361717,,100941.44,0.0082092285,0.0,45.5,9.25
2026-03-07 20:00:00,-2.198166,-0.56617737,278.75644,282.6643,46.047203,,100986.91,0.039916992,0.0,45.5,9.25
2026-03-07 21:00:00,-2.0471497,-1.1051178,278.23578,282.13803,41.195118,,101015.91,0.07180786,0.0,45.5,9.25
2026-03-07 22:00:00,-1.9824219,-1.481308,277.99545,281.54636,42.23018,,101027.55,0.1628418,0.0,45.5,9.25
2026-03-07 23:00:00,-1.5836945,-1.4990234,277.4895,281.1748,33.42299,,101006.78,0.1925354,0.0,45.5,9.25
2026-03-08 00:00:00,-1.2350311,-1.1901093,277.40674,281.63293,28.763454,,101013.586,0.089904785,0.0,45.5,9.25
2026-03-08 01:00:00,-0.58200073,-1.1324615,276.8429,280.98346,18.712307,1231.5098,101032.94,0.057739258,0.0,45.5,9.25
2026-03-08 02:00:00,0.048049927,-0.9898987,276.31116,280.50623,15.679975,1116.0944,101005.63,0.058288574,0.0,45.5,9.25
2026-03-08 03:00:00,0.25390625,-0.45437622,276.37967,279.97223,13.823066,1115.1017,100991.08,0.07650757,0.0,45.5,9.25
2026-03-08 04:00:00,0.29499817,-0.15222168,276.31335,279.65347,12.397478,1013.306,101006.984,0.10940552,0.0,45.5,9.25
2026-03-08 05:00:00,0.23300171,-0.10623169,276.10175,279.32617,12.183839,1008.36096,101001.78,0.16378784,0.0,45.5,9.25
2026-03-08 06:00:00,-0.06689453,-0.6667633,275.88974,279.02216,13.529231,1003.6338,101035.3,0.033355713,0.0,45.5,9.25
2026-03-08 07:00:00,-0.21788025,-0.65444946,276.04437,279.02054,16.417118,793.4967,101067.664,0.062805176,0.0,45.5,9.25
2026-03-08 08:00:00,-0.42799377,-0.08355713,278.60864,282.20807,80.6585,793.45953,101112.93,0.103149414,0.0,45.5,9.25
2026-03-08 09:00:00,-0.6384125,0.4326172,279.3642,285.1219,278.03946,1032.1675,101130.25,0.09786987,0.0,45.5,9.25
2026-03-08 10:00:00,-0.061965942,0.8110962,280.3042,287.29498,452.83035,1056.3785,101148.64,0.39608765,0.0,45.5,9.25
2026-03-08 11:00:00,0.008285522,0.66493225,280.31943,288.6933,690.08527,1235.8672,101127.33,0.024139404,0.0,45.5,9.25
2026-03-08 12:00:00,-0.037841797,0.074783325,280.28882,289.648,903.1748,,101067.09,0.006652832,0.0,45.5,9.25
2026-03-08 13:00:00,-0.09869385,-0.22607422,280.1537,290.3075,1038.3475,1207.1344,101026.92,0.0140686035,0.0,45.5,9.25
2026-03-08 14:00:00,-0.38136292,0.027709961,279.70972,290.4776,1113.0508,,100974.05,0.14144897,0.0,45.5,9.25
2026-03-08 15:00:00,-0.79623413,0.3517456,279.80798,290.35562,887.42914,2459.638,100936.34,0.065582275,0.0,45.5,9.25
2026-03-08 16:00:00,-1.0639038,0.53912354,280.6728,289.6038,613.7823,2541.62,100908.89,0.012786865,0.0,45.5,9.25
2026-03-08 17:00:00,-1.1343536,0.8172455,281.46805,287.8828,102.27371,2361.2087,100932.56,0.014038086,0.0,45.5,9.25
2026-03-08 18:00:00,-1.3430328,1.0883636,280.6324,285.49527,71.6964,2360.7253,100972.69,0.010131836,0.0,45.5,9.25
2026-03-08 19:00:00,-1.5669098,0.7926636,279.92157,283.86346,59.28366,,100998.375,0.005554199,0.0,45.5,9.25
2026-03-08 20:00:00,-2.0573578,0.44659424,279.20392,282.8133,46.773167,,101030.33,0.018920898,0.0,45.5,9.25
2026-03-08 21:00:00,-1.9871826,-0.010986328,278.7801,282.30893,33.87034,,101039.94,0.054382324,0.0,45.5,9.25
2026-03-08 22:00:00,-1.2858582,-1.4325714,279.2164,282.16077,33.23339,,101054.125,0.054870605,0.0,45.5,9.25
2026-03-08 23:00:00,-0.90289307,-1.5931854,279.25153,281.87186,27.479713,,101036.05,0.06802368,0.0,45.5,9.25
2026-03-09 00:00:00,-0.81492615,-1.3444061,279.18262,281.87064,19.833248,,101047.77,0.18582153,0.0,45.5,9.25
2026-03-09 01:00:00,-0.20732117,-1.0866241,279.59833,282.7146,15.0643835,1669.6641,101054.22,0.23730469,0.0,45.5,9.25
2026-03-09 02:00:00,0.12663269,-0.6451721,279.4665,282.19705,13.212108,2179.7305,101006.39,0.37527466,0.0,45.5,9.25
2026-03-09 03:00:00,0.1628418,-0.7323456,279.29462,281.6761,14.16395,1536.0409,100960.43,0.31347656,0.0,45.5,9.25
2026-03-09 04:00:00,0.31573486,-1.0171661,278.4928,280.53027,17.05598,1344.5763,100951.66,0.40945435,0.0,45.5,9.25
2026-03-09 05:00:00,0.38250732,-1.2882385,278.34918,280.3181,20.788614,1118.5543,100931.234,0.44418335,0.0,45.5,9.25
2026-03-09 06:00:00,0.205719,-1.184021,278.64282,280.86993,20.714893,877.8947,100950.34,0.60321045,0.0,45.5,9.25
2026-03-09 07:00:00,0.02468872,-0.9455414,279.0573,281.76318,22.33586,2121.46,100958.88,0.5956116,0.0,45.5,9.25
2026-03-09 08:00:00,0.1977539,-0.4512329,278.7539,282.75665,69.923935,1531.2958,100989.05,0.57250977,0.0,45.5,9.25
2026-03-09 09:00:00,0.07539368,-0.07608032,279.67157,284.86365,209.28804,2110.6218,100996.19,0.5571594,0.0,45.5,9.25
2026-03-09 10:00:00,0.26408386,0.3905487,279.39847,286.3957,522.6433,1723.6158,101008.234,0.6676941,0.0,45.5,9.25
2026-03-09 11:00:00,0.3608551,0.8362732,279.17218,287.82184,722.4408,1725.7423,100978.06,0.90460205,5.2452087e-06,45.5,9.25
2026-03-09 12:00:00,0.11151123,0.69522095,278.97485,289.0424,853.38226,997.474,100889.766,0.8076477,0.0,45.5,9.25
2026-03-09 13:00:00,-0.16667175,0.23976135,278.7281,289.92462,972.88214,2140.912,100808.08,0.60284424,0.0,45.5,9.25
2026-03-09 14:00:00,-0.3206482,0.2193451,278.6129,290.22083,1026.343,,100756.22,0.4657898,0.0,45.5,9.25
2026-03-09 15:00:00,-0.44154358,0.3494568,278.57855,290.1927,1038.7615,2724.1194,100702.06,0.45880127,0.0,45.5,9.25
2026-03-09 16:00:00,-0.36790466,0.63920593,278.8001,289.3507,861.20404,2738.1375,100687.57,0.30767822,0.0,45.5,9.25
2026-03-09 17:00:00,-0.5167694,1.0023499,280.5998,288.23456,56.35331,2710.2188,100703.96,0.15393066,0.0,45.5,9.25
2026-03-09 18:00:00,-0.9426727,0.5033417,280.5229,286.86615,27.27401,2356.52,100723.42,0.08682251,0.0,45.5,9.25
2026-03-09 19:00:00,-1.673706,0.013626099,280.2406,286.10895,25.498219,1436.2482,100759.11,0.08862305,0.0,45.5,9.25
2026-03-09 20:00:00,-1.8111572,-0.38508606,279.92923,285.30655,32.835503,1375.1481,100789.95,0.13006592,0.0,45.5,9.25
2026-03-09 21:00:00,-1.7549133,-0.95047,280.44733,284.70776,36.50273,1363.7261,100819.83,0.25302124,0.0,45.5,9.25
2026-03-09 22:00:00,-0.14355469,-0.3242035,280.28177,284.6236,15.537851,1343.391,100811.914,0.786499,0.0,45.5,9.25
2026-03-09 23:00:00,-0.12413025,-1.0147552,279.63977,284.3778,26.576942,1369.3854,100813.67,0.83843994,0.0,45.5,9.25
2026-03-10 00:00:00,-1.1355743,-1.4099884,279.59442,284.5625,27.12582,1521.1221,100767.914,0.6190491,2.336502e-05,45.5,9.25
2026-03-10 01:00:00,-1.2562714,-0.20742798,279.58948,284.32922,20.153103,1529.3662,100760.336,0.41635132,4.863739e-05,45.5,9.25
2026-03-10 02:00:00,0.025848389,0.118133545,279.3198,284.0182,15.473396,1660.2982,100746.3,0.45220947,0.0001449585,45.5,9.25
2026-03-10 03:00:00,0.19944763,-0.36073303,279.13684,283.65314,16.053196,1445.1453,100728.7,0.51153564,4.7683716e-06,45.5,9.25
2026-03-10 04:00:00,-0.031234741,0.11128235,278.9702,283.1297,19.60361,1082.1825,100720.86,0.5248108,6.198883e-06,45.5,9.25
2026-03-10 05:00:00,-0.6249237,0.5059204,278.95026,282.79727,23.921635,999.949,100735.59,0.5884094,2.9087067e-05,45.5,9.25
2026-03-10 06:00:00,-1.0448608,0.49699402,279.2646,282.34375,28.784477,900.70526,100769.805,0.8964844,0.00012397766,45.5,9.25
2026-03-10 07:00:00,-1.5915222,-0.48077393,279.79297,282.64163,50.01461,995.2405,100802.766,0.96881104,0.0003399849,45.5,9.25
2026-03-10 08:00:00,-1.6364136,-0.40264893,280.41257,283.33133,118.99014,961.4862,100833.56,0.9323425,0.0004940033,45.5,9.25
2026-03-10 09:00:00,-2.2092743,-0.3575287,280.6253,283.85638,317.07065,426.21826,100854.234,0.9489746,0.0005364418,45.5,9.25
2026-03-10 10:00:00,-1.3840332,1.0692444,280.65564,283.6721,350.61548,421.19556,100911.25,0.996521,0.00075912476,45.5,9.25
2026-03-10 11:00:00,-1.7502747,1.0950775,280.46857,284.46136,471.26352,427.6597,100914.05,0.9958496,0.00032043457,45.5,9.25
2026-03-10 12:00:00,-2.0948792,0.9966583,281.06927,284.6028,414.54062,461.91205,100856.64,1.0,0.0003528595,45.5,9.25
2026-03-10 13:00:00,-1.5841827,1.2206879,280.97537,285.08844,395.8293,617.1212,100795.55,1.0,0.0004272461,45.5,9.25
2026-03-10 14:00:00,-0.7213135,1.2342987,281.6842,285.41006,390.53482,648.33356,100746.016,0.9847412,0.00038814545,45.5,9.25
2026-03-10 15:00:00,-0.48770142,0.70224,282.3673,285.3039,345.86664,801.5156,100740.45,0.98999023,0.00027179718,45.5,9.25
2026-03-10 16:00:00,0.3416443,0.24523926,282.2839,285.33167,110.99512,1429.7236,100702.33,0.99401855,0.000118255615,45.5,9.25
2026-03-10 17:00:00,0.7826996,-0.5368042,282.2888,284.7334,64.58076,994.1545,100721.5,0.97927856,5.6743622e-05,45.5,9.25
2026-03-10 18:00:00,0.831131,-0.745697,282.0692,284.61304,59.33288,918.4547,100755.32,0.92108154,2.6226044e-05,45.5,9.25
2026-03-10 19:00:00,0.8141327,-0.76174927,281.98828,284.0954,42.974537,587.4178,100816.65,0.89837646,1.001358e-05,45.5,9.25
2026-03-10 20:00:00,0.5565338,-0.7668457,281.7638,283.05548,29.379503,528.3605,100823.16,0.78982544,2.861023e-06,45.5,9.25
2026-03-10 21:00:00,0.3876648,-0.698822,281.45407,282.87408,22.335514,448.436,100857.91,0.70602417,2.861023e-06,45.5,9.25
2026-03-10 22:00:00,0.6680908,-0.002532959,281.19263,282.58313,25.623213,714.1332,100867.016,0.5340576,1.9073486e-06,45.5,9.25
2026-03-10 23:00:00,1.101471,-0.721405,281.2458,282.71985,23.889439,601.5893,100862.97,0.3701477,9.536743e-07,45.5,9.25
2026-03-11 00:00:00,0.95114136,-1.0891876,281.09927,282.3725,32.355545,494.09467,100838.75,0.4992981,1.4305115e-06,45.5,9.25
2026-03-11 01:00:00,0.79556274,-0.56552124,281.22574,282.3277,26.804138,453.98254,100835.4,0.46121216,9.536743e-07,45.5,9.25
2026-03-11 02:00:00,0.685379,-0.2795105,281.10306,282.1407,27.203558,401.32294,100807.414,0.5442505,9.536743e-07,45.5,9.25
2026-03-11 03:00:00,0.5908966,-0.33447266,280.9009,281.8942,28.424797,397.33398,100798.78,0.69433594,7.1525574e-07,45.5,9.25
2026-03-11 04:00:00,0.52867126,-0.27131653,280.73123,281.63745,29.39434,349.05396,100804.984,0.92196655,1.4305115e-06,45.5,9.25
2026-03-11 05:00:00,0.51802063,0.008987427,280.63702,281.4502,29.00764,332.17484,100782.97,0.9180603,1.4305115e-06,45.5,9.25
2026-03-11 06:00:00,0.54818726,0.06651306,280.41263,281.40356,28.315147,149.95723,100790.19,0.9038086,9.536743e-07,45.5,9.25
2026-03-11 07:00:00,0.68940735,-0.09529114,280.9468,282.1234,43.807945,518.51,100815.25,0.8720398,4.7683716e-07,45.5,9.25
2026-03-11 08:00:00,0.47991943,-0.004119873,281.48297,282.8617,102.564285,201.26024,100828.31,0.81832886,4.7683716e-07,45.5,9.25
2026-03-11 09:00:00,0.42749023,0.23841858,281.6042,283.93207,206.279,378.77725,100837.27,0.8608093,1.4305115e-06,45.5,9.25
2026-03-11 10:00:00,1.1221008,1.2299957,281.8773,285.0617,609.28894,471.46725,100828.93,0.76660156,1.7166138e-05,45.5,9.25
2026-03-11 11:00:00,0.802063,1.2217865,281.70966,286.03253,784.3489,640.165,100798.03,0.8406372,4.005432e-05,45.5,9.25
2026-03-11 12:00:00,0.6388092,1.116272,281.3719,287.14407,916.17914,815.6489,100742.266,0.99401855,7.724762e-05,45.5,9.25
2026-03-11 13:00:00,0.82151794,1.0536346,281.22394,287.50583,815.753,1114.0759,100662.0,0.9986267,1.04904175e-05,45.5,9.25
2026-03-11 14:00:00,0.9452667,0.87654114,280.63666,287.4684,894.46686,1216.8138,100592.56,0.9992981,1.335144e-05,45.5,9.25
2026-03-11 15:00:00,0.7896576,0.5071106,280.56653,287.5415,1106.8885,932.47424,100538.53,1.0,3.8146973e-06,45.5,9.25
2026-03-11 16:00:00,0.22721863,-0.061904907,279.96213,287.24982,194.75307,929.72424,100491.08,1.0,0.0,45.5,9.25
2026-03-11 17:00:00,-0.15550232,-0.80133057,281.00702,286.151,98.503204,1017.225,100471.78,0.9992981,0.0,45.5,9.25
2026-03-11 18:00:00,-0.5851898,-1.1674957,280.88147,284.82162,42.952534,886.98114,100512.22,0.980011,0.0,45.5,9.25
2026-03-11 19:00:00,-0.9153137,-0.97143555,280.53253,284.03107,38.13636,791.88464,100537.5,0.98669434,0.0,45.5,9.25
2026-03-11 20:00:00,-1.22258,-0.8170624,280.70575,283.74176,38.461338,630.3917,100534.53,0.9701843,0.0,45.5,9.25
2026-03-11 21:00:00,-1.2400208,-0.7634125,280.90717,283.40253,42.072823,626.82556,100534.45,0.9442444,1.4305115e-06,45.5,9.25
2026-03-11 22:00:00,-0.8991852,-1.6588593,280.39066,283.31528,95.45199,761.3219,100513.19,0.8211365,1.1444092e-05,45.5,9.25
2026-03-11 23:00:00,-1.0098724,-1.526413,280.42404,282.96005,58.845314,856.06146,100505.58,0.9535217,3.6239624e-05,45.5,9.25
2026-03-12 00:00:00,-1.0838623,-0.057922363,280.57196,282.9594,36.30558,801.06323,100458.42,0.99334717,9.012222e-05,45.5,9.25
2026-03-12 01:00:00,-0.860672,0.17565918,280.8056,282.89435,32.92731,745.574,100455.055,1.0,0.00026988983,45.5,9.25
2026-03-12 02:00:00,-0.944046,-0.35887146,280.9212,283.00848,31.822208,1009.5502,100408.05,1.0,0.00035715103,45.5,9.25
2026-03-12 03:00:00,-0.23135376,-1.1020508,281.44,282.81284,23.911678,1080.5378,100398.414,1.0,0.00042915344,45.5,9.25
2026-03-12 04:00:00,-0.09954834,-0.93304443,281.14154,282.52673,26.494864,1879.38,100400.55,1.0,0.00052690506,45.5,9.25
2026-03-12 05:00:00,-0.10934448,-1.113617,280.80408,282.43433,28.077953,1996.2699,100407.02,1.0,0.00060749054,45.5,9.25
2026-03-12 06:00:00,-0.174057,-1.1548309,280.97968,282.37964,29.393284,1232.5084,100451.86,1.0,0.000415802,45.5,9.25
2026-03-12 07:00:00,-0.26200867,-1.1122742,281.5188,282.76086,25.837431,3325.8936,100499.53,1.0,0.00012731552,45.5,9.25
2026-03-12 08:00:00,-0.20179749,-0.45072937,282.2699,284.1416,31.597454,3785.6174,100574.93,1.0,6.580353e-05,45.5,9.25
2026-03-12 09:00:00,-0.19985962,0.22406006,283.0936,285.94516,190.75143,4195.508,100598.09,1.0,5.2452087e-06,45.5,9.25
2026-03-12 10:00:00,-0.1491394,1.7470398,283.5481,287.7154,488.75912,2460.301,100606.14,0.99401855,1.2397766e-05,45.5,9.25
2026-03-12 11:00:00,-0.23754883,1.274765,283.33197,288.5916,681.7505,2566.8281,100600.48,1.0,0.00014781952,45.5,9.25
2026-03-12 12:00:00,-0.3766632,0.7477722,282.9206,289.3556,814.73285,916.7947,100581.16,0.9992981,2.9563904e-05,45.5,9.25
2026-03-12 13:00:00,-0.364563,0.46055603,281.69736,290.13275,920.88617,1120.5503,100506.42,0.9824829,1.1444092e-05,45.5,9.25
2026-03-12 14:00:00,-0.45230103,0.4837036,281.39288,290.44208,933.9201,1372.2931,100460.59,0.89779663,0.0,45.5,9.25
2026-03-12 15:00:00,-1.0432434,0.9919586,281.50565,290.48798,796.56995,1318.062,100442.625,0.80825806,0.0,45.5,9.25
2026-03-12 16:00:00,-0.97161865,2.0244293,281.9303,289.87466,615.9577,,100402.92,0.47094727,0.0,45.5,9.25
2026-03-12 17:00:00,-0.8603668,1.3089294,283.68402,288.48352,180.55817,,100435.484,0.39483643,0.0,45.5,9.25
2026-03-12 18:00:00,-1.3802032,1.5152893,283.54132,286.88507,93.17005,4385.275,100508.72,0.35513306,0.0,45.5,9.25
2026-03-12 19:00:00,-1.8358002,1.3492126,282.1805,285.00702,51.60917,1073.0287,100572.92,0.31323242,0.0,45.5,9.25
2026-03-12 20:00:00,-2.0092163,0.2508545,281.34375,284.13324,35.70284,996.23,100621.016,0.18746948,0.0,45.5,9.25
2026-03-12 21:00:00,-1.856842,-0.21354675,281.9902,284.4647,36.827156,654.4629,100649.3,0.19891357,0.0,45.5,9.25
2026-03-12 22:00:00,-0.27774048,-0.70059204,281.59827,283.17368,14.498273,609.4478,100648.8,0.28903198,0.0,45.5,9.25
2026-03-12 23:00:00,-0.8703766,-0.85217285,281.20914,282.649,30.591257,562.856,100646.19,0.3493042,1.4305115e-06,45.5,9.25
