Id Sensore,Data-Ora, Medio
6048,2026/01/01 00:00,248
6048,2026/01/01 01:00,300
6048,2026/01/01 02:00,342
6048,2026/01/01 03:00,4
6048,2026/01/01 04:00,20
6048,2026/01/01 05:00,333
6048,2026/01/01 06:00,5
6048,2026/01/01 07:00,350
6048,2026/01/01 08:00,1
6048,2026/01/01 09:00,353
6048,2026/01/01 10:00,357
6048,2026/01/01 11:00,344
6048,2026/01/01 12:00,310
6048,2026/01/01 13:00,305
6048,2026/01/01 14:00,-999
6048,2026/01/01 15:00,60
6048,2026/01/01 16:00,257
6048,2026/01/01 17:00,262
6048,2026/01/01 18:00,256
6048,2026/01/01 19:00,262
6048,2026/01/01 20:00,260
6048,2026/01/01 21:00,260
6048,2026/01/01 22:00,269
6048,2026/01/01 23:00,259
6048,2026/01/02 00:00,242
6048,2026/01/02 01:00,249
6048,2026/01/02 02:00,256
6048,2026/01/02 03:00,242
6048,2026/01/02 04:00,246
6048,2026/01/02 05:00,253
6048,2026/01/02 06:00,269
6048,2026/01/02 07:00,246
6048,2026/01/02 08:00,261
6048,2026/01/02 09:00,293
6048,2026/01/02 10:00,286
6048,2026/01/02 11:00,297
6048,2026/01/02 12:00,278
6048,2026/01/02 13:00,232
6048,2026/01/02 14:00,219
6048,2026/01/02 15:00,229
6048,2026/01/02 16:00,221
6048,2026/01/02 17:00,200
6048,2026/01/02 18:00,267
6048,2026/01/02 19:00,302
6048,2026/01/02 20:00,13
6048,2026/01/02 21:00,50
6048,2026/01/02 22:00,74
6048,2026/01/02 23:00,81
6048,2026/01/03 00:00,61
6048,2026/01/03 01:00,40
6048,2026/01/03 02:00,61
6048,2026/01/03 03:00,61
6048,2026/01/03 04:00,205
6048,2026/01/03 05:00,228
6048,2026/01/03 06:00,274
6048,2026/01/03 07:00,297
6048,2026/01/03 08:00,37
6048,2026/01/03 09:00,35
6048,2026/01/03 10:00,134
6048,2026/01/03 11:00,293
6048,2026/01/03 12:00,3
6048,2026/01/03 13:00,82
6048,2026/01/03 14:00,97
6048,2026/01/03 15:00,90
6048,2026/01/03 16:00,87
6048,2026/01/03 17:00,91
6048,2026/01/03 18:00,90
6048,2026/01/03 19:00,78
6048,2026/01/03 20:00,65
6048,2026/01/03 21:00,71
6048,2026/01/03 22:00,74
6048,2026/01/03 23:00,27
6048,2026/01/04 00:00,34
6048,2026/01/04 01:00,334
6048,2026/01/04 02:00,326
6048,2026/01/04 03:00,307
6048,2026/01/04 04:00,303
6048,2026/01/04 05:00,301
6048,2026/01/04 06:00,294
6048,2026/01/04 07:00,264
6048,2026/01/04 08:00,264
6048,2026/01/04 09:00,277
6048,2026/01/04 10:00,279
6048,2026/01/04 11:00,247
6048,2026/01/04 12:00,286
6048,2026/01/04 13:00,294
6048,2026/01/04 14:00,284
6048,2026/01/04 15:00,308
6048,2026/01/04 16:00,118
6048,2026/01/04 17:00,242
6048,2026/01/04 18:00,267
6048,2026/01/04 19:00,290
6048,2026/01/04 20:00,306
6048,2026/01/04 21:00,283
6048,2026/01/04 22:00,349
6048,2026/01/04 23:00,347
6048,2026/01/05 00:00,347
6048,2026/01/05 01:00,354
6048,2026/01/05 02:00,338
6048,2026/01/05 03:00,327
6048,2026/01/05 04:00,321
6048,2026/01/05 05:00,358
6048,2026/01/05 06:00,4
6048,2026/01/05 07:00,351
6048,2026/01/05 08:00,350
6048,2026/01/05 09:00,4
6048,2026/01/05 10:00,10
6048,2026/01/05 11:00,4
6048,2026/01/05 12:00,39
6048,2026/01/05 13:00,116
6048,2026/01/05 14:00,108
6048,2026/01/05 15:00,97
6048,2026/01/05 16:00,102
6048,2026/01/05 17:00,175
6048,2026/01/05 18:00,186
6048,2026/01/05 19:00,238
6048,2026/01/05 20:00,286
6048,2026/01/05 21:00,303
6048,2026/01/05 22:00,328
6048,2026/01/05 23:00,313
6048,2026/01/06 00:00,352
6048,2026/01/06 01:00,355
6048,2026/01/06 02:00,344
6048,2026/01/06 03:00,11
6048,2026/01/06 04:00,358
6048,2026/01/06 05:00,11
6048,2026/01/06 06:00,333
6048,2026/01/06 07:00,317
6048,2026/01/06 08:00,334
6048,2026/01/06 09:00,317
6048,2026/01/06 10:00,322
6048,2026/01/06 11:00,356
6048,2026/01/06 12:00,344
6048,2026/01/06 13:00,93
6048,2026/01/06 14:00,78
6048,2026/01/06 15:00,86
6048,2026/01/06 16:00,94
6048,2026/01/06 17:00,103
6048,2026/01/06 18:00,108
6048,2026/01/06 19:00,104
6048,2026/01/06 20:00,94
6048,2026/01/06 21:00,66
6048,2026/01/06 22:00,44
6048,2026/01/06 23:00,60
6048,2026/01/07 00:00,53
6048,2026/01/07 01:00,38
6048,2026/01/07 02:00,2
6048,2026/01/07 03:00,317
6048,2026/01/07 04:00,357
6048,2026/01/07 05:00,308
6048,2026/01/07 06:00,320
6048,2026/01/07 07:00,313
6048,2026/01/07 08:00,294
6048,2026/01/07 09:00,239
6048,2026/01/07 10:00,232
6048,2026/01/07 11:00,246
6048,2026/01/07 12:00,232
6048,2026/01/07 13:00,229
6048,2026/01/07 14:00,227
6048,2026/01/07 15:00,234
6048,2026/01/07 16:00,254
6048,2026/01/07 17:00,237
6048,2026/01/07 18:00,262
6048,2026/01/07 19:00,250
6048,2026/01/07 20:00,252
6048,2026/01/07 21:00,262
6048,2026/01/07 22:00,289
6048,2026/01/07 23:00,306
6048,2026/01/08 00:00,305
6048,2026/01/08 01:00,304
6048,2026/01/08 02:00,311
6048,2026/01/08 03:00,306
6048,2026/01/08 04:00,296
6048,2026/01/08 05:00,302
6048,2026/01/08 06:00,253
6048,2026/01/08 07:00,246
6048,2026/01/08 08:00,308
6048,2026/01/08 09:00,241
6048,2026/01/08 10:00,237
6048,2026/01/08 11:00,283
6048,2026/01/08 12:00,305
6048,2026/01/08 13:00,318
6048,2026/01/08 14:00,276
6048,2026/01/08 15:00,261
6048,2026/01/08 16:00,287
6048,2026/01/08 17:00,264
6048,2026/01/08 18:00,267
6048,2026/01/08 19:00,209
6048,2026/01/08 20:00,234
6048,2026/01/08 21:00,36
6048,2026/01/08 22:00,95
6048,2026/01/08 23:00,89
6048,2026/01/09 00:00,81
6048,2026/01/09 01:00,90
6048,2026/01/09 02:00,87
6048,2026/01/09 03:00,88
6048,2026/01/09 04:00,80
6048,2026/01/09 05:00,76
6048,2026/01/09 06:00,76
6048,2026/01/09 07:00,71
6048,2026/01/09 08:00,41
6048,2026/01/09 09:00,14
6048,2026/01/09 10:00,26
6048,2026/01/09 11:00,317
6048,2026/01/09 12:00,265
6048,2026/01/09 13:00,268
6048,2026/01/09 14:00,244
6048,2026/01/09 15:00,253
6048,2026/01/09 16:00,251
6048,2026/01/09 17:00,269
6048,2026/01/09 18:00,255
6048,2026/01/09 19:00,254
6048,2026/01/09 20:00,280
6048,2026/01/09 21:00,267
6048,2026/01/09 22:00,277
6048,2026/01/09 23:00,272
6048,2026/01/10 00:00,208
6048,2026/01/10 01:00,224
6048,2026/01/10 02:00,255
6048,2026/01/10 03:00,258
6048,2026/01/10 04:00,51
6048,2026/01/10 05:00,288
6048,2026/01/10 06:00,13
6048,2026/01/10 07:00,63
6048,2026/01/10 08:00,13
6048,2026/01/10 09:00,49
6048,2026/01/10 10:00,300
6048,2026/01/10 11:00,291
6048,2026/01/10 12:00,282
6048,2026/01/10 13:00,278
6048,2026/01/10 14:00,256
6048,2026/01/10 15:00,239
6048,2026/01/10 16:00,246
6048,2026/01/10 17:00,255
6048,2026/01/10 18:00,252
6048,2026/01/10 19:00,260
6048,2026/01/10 20:00,310
6048,2026/01/10 21:00,338
6048,2026/01/10 22:00,302
6048,2026/01/10 23:00,301
6048,2026/01/11 00:00,300
6048,2026/01/11 01:00,301
6048,2026/01/11 02:00,301
6048,2026/01/11 03:00,301
6048,2026/01/11 04:00,301
6048,2026/01/11 05:00,297
6048,2026/01/11 06:00,299
6048,2026/01/11 07:00,299
6048,2026/01/11 08:00,288
6048,2026/01/11 09:00,315
6048,2026/01/11 10:00,34
6048,2026/01/11 11:00,122
6048,2026/01/11 12:00,45
6048,2026/01/11 13:00,342
6048,2026/01/11 14:00,328
6048,2026/01/11 15:00,346
6048,2026/01/11 16:00,65
6048,2026/01/11 17:00,187
6048,2026/01/11 18:00,222
6048,2026/01/11 19:00,236
6048,2026/01/11 20:00,351
6048,2026/01/11 21:00,53
6048,2026/01/11 22:00,56
6048,2026/01/11 23:00,39
6048,2026/01/12 00:00,69
6048,2026/01/12 01:00,76
6048,2026/01/12 02:00,28
6048,2026/01/12 03:00,3
6048,2026/01/12 04:00,14
6048,2026/01/12 05:00,61
6048,2026/01/12 06:00,77
6048,2026/01/12 07:00,6
6048,2026/01/12 08:00,318
6048,2026/01/12 09:00,25
6048,2026/01/12 10:00,84
6048,2026/01/12 11:00,124
6048,2026/01/12 12:00,104
6048,2026/01/12 13:00,132
6048,2026/01/12 14:00,145
6048,2026/01/12 15:00,190
6048,2026/01/12 16:00,199
6048,2026/01/12 17:00,236
6048,2026/01/12 18:00,237
6048,2026/01/12 19:00,254
6048,2026/01/12 20:00,250
6048,2026/01/12 21:00,276
6048,2026/01/12 22:00,303
6048,2026/01/12 23:00,301
6048,2026/01/13 00:00,277
6048,2026/01/13 01:00,213
6048,2026/01/13 02:00,262
6048,2026/01/13 03:00,219
6048,2026/01/13 04:00,262
6048,2026/01/13 05:00,297
6048,2026/01/13 06:00,304
6048,2026/01/13 07:00,289
6048,2026/01/13 08:00,265
6048,2026/01/13 09:00,240
6048,2026/01/13 10:00,-999
6048,2026/01/13 11:00,122
6048,2026/01/13 12:00,205
6048,2026/01/13 13:00,226
6048,2026/01/13 14:00,195
6048,2026/01/13 15:00,105
6048,2026/01/13 16:00,180
6048,2026/01/13 17:00,198
6048,2026/01/13 18:00,188
6048,2026/01/13 19:00,247
6048,2026/01/13 20:00,280
6048,2026/01/13 21:00,187
6048,2026/01/13 22:00,212
6048,2026/01/13 23:00,-999
6048,2026/01/14 00:00,212
6048,2026/01/14 01:00,258
6048,2026/01/14 02:00,283
6048,2026/01/14 03:00,275
6048,2026/01/14 04:00,289
6048,2026/01/14 05:00,277
6048,2026/01/14 06:00,252
6048,2026/01/14 07:00,256
6048,2026/01/14 08:00,261
6048,2026/01/14 09:00,252
6048,2026/01/14 10:00,250
6048,2026/01/14 11:00,238
6048,2026/01/14 12:00,253
6048,2026/01/14 13:00,244
6048,2026/01/14 14:00,249
6048,2026/01/14 15:00,236
6048,2026/01/14 16:00,244
6048,2026/01/14 17:00,255
6048,2026/01/14 18:00,268
6048,2026/01/14 19:00,253
6048,2026/01/14 20:00,257
6048,2026/01/14 21:00,240
6048,2026/01/14 22:00,225
6048,2026/01/14 23:00,236
6048,2026/01/15 00:00,284
6048,2026/01/15 01:00,14
6048,2026/01/15 02:00,99
6048,2026/01/15 03:00,53
6048,2026/01/15 04:00,52
6048,2026/01/15 05:00,81
6048,2026/01/15 06:00,86
6048,2026/01/15 07:00,59
6048,2026/01/15 08:00,80
6048,2026/01/15 09:00,50
6048,2026/01/15 10:00,76
6048,2026/01/15 11:00,67
6048,2026/01/15 12:00,68
6048,2026/01/15 13:00,82
6048,2026/01/15 14:00,86
6048,2026/01/15 15:00,56
6048,2026/01/15 16:00,80
6048,2026/01/15 17:00,82
6048,2026/01/15 18:00,57
6048,2026/01/15 19:00,54
6048,2026/01/15 20:00,62
6048,2026/01/15 21:00,70
6048,2026/01/15 22:00,89
6048,2026/01/15 23:00,50
6048,2026/01/16 00:00,69
6048,2026/01/16 01:00,73
6048,2026/01/16 02:00,303
6048,2026/01/16 03:00,321
6048,2026/01/16 04:00,317
6048,2026/01/16 05:00,318
6048,2026/01/16 06:00,297
6048,2026/01/16 07:00,266
6048,2026/01/16 08:00,284
6048,2026/01/16 09:00,356
6048,2026/01/16 10:00,272
6048,2026/01/16 11:00,240
6048,2026/01/16 12:00,256
6048,2026/01/16 13:00,223
6048,2026/01/16 14:00,226
6048,2026/01/16 15:00,268
6048,2026/01/16 16:00,312
6048,2026/01/16 17:00,252
6048,2026/01/16 18:00,1
6048,2026/01/16 19:00,76
6048,2026/01/16 20:00,105
6048,2026/01/16 21:00,68
6048,2026/01/16 22:00,62
6048,2026/01/16 23:00,72
6048,2026/01/17 00:00,68
6048,2026/01/17 01:00,73
6048,2026/01/17 02:00,73
6048,2026/01/17 03:00,80
6048,2026/01/17 04:00,77
6048,2026/01/17 05:00,57
6048,2026/01/17 06:00,44
6048,2026/01/17 07:00,10
6048,2026/01/17 08:00,352
6048,2026/01/17 09:00,324
6048,2026/01/17 10:00,339
6048,2026/01/17 11:00,344
6048,2026/01/17 12:00,353
6048,2026/01/17 13:00,323
6048,2026/01/17 14:00,300
6048,2026/01/17 15:00,289
6048,2026/01/17 16:00,183
6048,2026/01/17 17:00,197
6048,2026/01/17 18:00,280
6048,2026/01/17 19:00,7
6048,2026/01/17 20:00,7
6048,2026/01/17 21:00,23
6048,2026/01/17 22:00,15
6048,2026/01/17 23:00,5
6048,2026/01/18 00:00,9
6048,2026/01/18 01:00,356
6048,2026/01/18 02:00,333
6048,2026/01/18 03:00,1
6048,2026/01/18 04:00,325
6048,2026/01/18 05:00,32
6048,2026/01/18 06:00,70
6048,2026/01/18 07:00,73
6048,2026/01/18 08:00,79
6048,2026/01/18 09:00,67
6048,2026/01/18 10:00,66
6048,2026/01/18 11:00,53
6048,2026/01/18 12:00,74
6048,2026/01/18 13:00,83
6048,2026/01/18 14:00,73
6048,2026/01/18 15:00,72
6048,2026/01/18 16:00,81
6048,2026/01/18 17:00,78
6048,2026/01/18 18:00,78
6048,2026/01/18 19:00,86
6048,2026/01/18 20:00,102
6048,2026/01/18 21:00,82
6048,2026/01/18 22:00,54
6048,2026/01/18 23:00,55
6048,2026/01/19 00:00,72
6048,2026/01/19 01:00,89
6048,2026/01/19 02:00,103
6048,2026/01/19 03:00,108
6048,2026/01/19 04:00,107
6048,2026/01/19 05:00,106
6048,2026/01/19 06:00,95
6048,2026/01/19 07:00,82
6048,2026/01/19 08:00,92
6048,2026/01/19 09:00,89
6048,2026/01/19 10:00,100
6048,2026/01/19 11:00,104
6048,2026/01/19 12:00,79
6048,2026/01/19 13:00,92
6048,2026/01/19 14:00,90
6048,2026/01/19 15:00,86
6048,2026/01/19 16:00,102
6048,2026/01/19 17:00,86
6048,2026/01/19 18:00,99
6048,2026/01/19 19:00,109
6048,2026/01/19 20:00,105
6048,2026/01/19 21:00,73
6048,2026/01/19 22:00,67
6048,2026/01/19 23:00,88
6048,2026/01/20 00:00,47
6048,2026/01/20 01:00,32
6048,2026/01/20 02:00,348
6048,2026/01/20 03:00,71
6048,2026/01/20 04:00,66
6048,2026/01/20 05:00,68
6048,2026/01/20 06:00,63
6048,2026/01/20 07:00,77
6048,2026/01/20 08:00,96
6048,2026/01/20 09:00,84
6048,2026/01/20 10:00,89
6048,2026/01/20 11:00,102
6048,2026/01/20 12:00,96
6048,2026/01/20 13:00,186
6048,2026/01/20 14:00,238
6048,2026/01/20 15:00,165
6048,2026/01/20 16:00,155
6048,2026/01/20 17:00,171
6048,2026/01/20 18:00,187
6048,2026/01/20 19:00,181
6048,2026/01/20 20:00,248
6048,2026/01/20 21:00,82
6048,2026/01/20 22:00,85
6048,2026/01/20 23:00,60
6048,2026/01/21 00:00,68
6048,2026/01/21 01:00,50
6048,2026/01/21 02:00,200
6048,2026/01/21 03:00,265
6048,2026/01/21 04:00,321
6048,2026/01/21 05:00,318
6048,2026/01/21 06:00,291
6048,2026/01/21 07:00,336
6048,2026/01/21 08:00,315
6048,2026/01/21 09:00,307
6048,2026/01/21 10:00,353
6048,2026/01/21 11:00,80
6048,2026/01/21 12:00,93
6048,2026/01/21 13:00,91
6048,2026/01/21 14:00,77
6048,2026/01/21 15:00,77
6048,2026/01/21 16:00,96
6048,2026/01/21 17:00,106
6048,2026/01/21 18:00,110
6048,2026/01/21 19:00,105
6048,2026/01/21 20:00,91
6048,2026/01/21 21:00,75
6048,2026/01/21 22:00,62
6048,2026/01/21 23:00,56
6048,2026/01/22 00:00,57
6048,2026/01/22 01:00,10
6048,2026/01/22 02:00,346
6048,2026/01/22 03:00,309
6048,2026/01/22 04:00,328
6048,2026/01/22 05:00,279
6048,2026/01/22 06:00,294
6048,2026/01/22 07:00,353
6048,2026/01/22 08:00,320
6048,2026/01/22 09:00,237
6048,2026/01/22 10:00,245
6048,2026/01/22 11:00,252
6048,2026/01/22 12:00,245
6048,2026/01/22 13:00,244
6048,2026/01/22 14:00,258
6048,2026/01/22 15:00,258
6048,2026/01/22 16:00,240
6048,2026/01/22 17:00,249
6048,2026/01/22 18:00,246
6048,2026/01/22 19:00,269
6048,2026/01/22 20:00,258
6048,2026/01/22 21:00,297
6048,2026/01/22 22:00,263
6048,2026/01/22 23:00,265
6048,2026/01/23 00:00,317
6048,2026/01/23 01:00,318
6048,2026/01/23 02:00,309
6048,2026/01/23 03:00,350
6048,2026/01/23 04:00,313
6048,2026/01/23 05:00,262
6048,2026/01/23 06:00,292
6048,2026/01/23 07:00,290
6048,2026/01/23 08:00,311
6048,2026/01/23 09:00,285
6048,2026/01/23 10:00,285
6048,2026/01/23 11:00,254
6048,2026/01/23 12:00,230
6048,2026/01/23 13:00,247
6048,2026/01/23 14:00,251
6048,2026/01/23 15:00,205
6048,2026/01/23 16:00,254
6048,2026/01/23 17:00,289
6048,2026/01/23 18:00,346
6048,2026/01/23 19:00,63
6048,2026/01/23 20:00,82
6048,2026/01/23 21:00,63
6048,2026/01/23 22:00,359
6048,2026/01/23 23:00,3
6048,2026/01/24 00:00,5
6048,2026/01/24 01:00,356
6048,2026/01/24 02:00,1
6048,2026/01/24 03:00,359
6048,2026/01/24 04:00,356
6048,2026/01/24 05:00,349
6048,2026/01/24 06:00,1
6048,2026/01/24 07:00,299
6048,2026/01/24 08:00,316
6048,2026/01/24 09:00,288
6048,2026/01/24 10:00,231
6048,2026/01/24 11:00,254
6048,2026/01/24 12:00,285
6048,2026/01/24 13:00,324
6048,2026/01/24 14:00,202
6048,2026/01/24 15:00,204
6048,2026/01/24 16:00,236
6048,2026/01/24 17:00,307
6048,2026/01/24 18:00,271
6048,2026/01/24 19:00,49
6048,2026/01/24 20:00,59
6048,2026/01/24 21:00,169
6048,2026/01/24 22:00,33
6048,2026/01/24 23:00,53
6048,2026/01/25 00:00,70
6048,2026/01/25 01:00,70
6048,2026/01/25 02:00,64
6048,2026/01/25 03:00,68
6048,2026/01/25 04:00,85
6048,2026/01/25 05:00,139
6048,2026/01/25 06:00,209
6048,2026/01/25 07:00,291
6048,2026/01/25 08:00,263
6048,2026/01/25 09:00,240
6048,2026/01/25 10:00,216
6048,2026/01/25 11:00,223
6048,2026/01/25 12:00,257
6048,2026/01/25 13:00,232
6048,2026/01/25 14:00,225
6048,2026/01/25 15:00,201
6048,2026/01/25 16:00,181
6048,2026/01/25 17:00,189
6048,2026/01/25 18:00,191
6048,2026/01/25 19:00,-999
6048,2026/01/25 20:00,253
6048,2026/01/25 21:00,202
6048,2026/01/25 22:00,204
6048,2026/01/25 23:00,184
6048,2026/01/26 00:00,76
6048,2026/01/26 01:00,68
6048,2026/01/26 02:00,65
6048,2026/01/26 03:00,23
6048,2026/01/26 04:00,45
6048,2026/01/26 05:00,359
6048,2026/01/26 06:00,3
6048,2026/01/26 07:00,266
6048,2026/01/26 08:00,278
6048,2026/01/26 09:00,346
6048,2026/01/26 10:00,252
6048,2026/01/26 11:00,294
6048,2026/01/26 12:00,275
6048,2026/01/26 13:00,285
6048,2026/01/26 14:00,253
6048,2026/01/26 15:00,249
6048,2026/01/26 16:00,241
6048,2026/01/26 17:00,224
6048,2026/01/26 18:00,219
6048,2026/01/26 19:00,223
6048,2026/01/26 20:00,236
6048,2026/01/26 21:00,259
6048,2026/01/26 22:00,247
6048,2026/01/26 23:00,252
6048,2026/01/27 00:00,273
6048,2026/01/27 01:00,296
6048,2026/01/27 02:00,20
6048,2026/01/27 03:00,16
6048,2026/01/27 04:00,327
6048,2026/01/27 05:00,348
6048,2026/01/27 06:00,354
6048,2026/01/27 07:00,348
6048,2026/01/27 08:00,352
6048,2026/01/27 09:00,332
6048,2026/01/27 10:00,263
6048,2026/01/27 11:00,300
6048,2026/01/27 12:00,27
6048,2026/01/27 13:00,98
6048,2026/01/27 14:00,203
6048,2026/01/27 15:00,228
6048,2026/01/27 16:00,106
6048,2026/01/27 17:00,146
6048,2026/01/27 18:00,296
6048,2026/01/27 19:00,295
6048,2026/01/27 20:00,10
6048,2026/01/27 21:00,30
6048,2026/01/27 22:00,65
6048,2026/01/27 23:00,65
6048,2026/01/28 00:00,56
6048,2026/01/28 01:00,69
6048,2026/01/28 02:00,333
6048,2026/01/28 03:00,323
6048,2026/01/28 04:00,306
6048,2026/01/28 05:00,325
6048,2026/01/28 06:00,341
6048,2026/01/28 07:00,359
6048,2026/01/28 08:00,303
6048,2026/01/28 09:00,271
6048,2026/01/28 10:00,265
6048,2026/01/28 11:00,281
6048,2026/01/28 12:00,269
6048,2026/01/28 13:00,268
6048,2026/01/28 14:00,272
6048,2026/01/28 15:00,259
6048,2026/01/28 16:00,252
6048,2026/01/28 17:00,238
6048,2026/01/28 18:00,202
6048,2026/01/28 19:00,217
6048,2026/01/28 20:00,248
6048,2026/01/28 21:00,256
6048,2026/01/28 22:00,228
6048,2026/01/28 23:00,222
6048,2026/01/29 00:00,241
6048,2026/01/29 01:00,275
6048,2026/01/29 02:00,275
6048,2026/01/29 03:00,252
6048,2026/01/29 04:00,278
6048,2026/01/29 05:00,287
6048,2026/01/29 06:00,212
6048,2026/01/29 07:00,238
6048,2026/01/29 08:00,269
6048,2026/01/29 09:00,312
6048,2026/01/29 10:00,253
6048,2026/01/29 11:00,302
6048,2026/01/29 12:00,5
6048,2026/01/29 13:00,340
6048,2026/01/29 14:00,34
6048,2026/01/29 15:00,203
6048,2026/01/29 16:00,224
6048,2026/01/29 17:00,282
6048,2026/01/29 18:00,267
6048,2026/01/29 19:00,304
6048,2026/01/29 20:00,304
6048,2026/01/29 21:00,276
6048,2026/01/29 22:00,299
6048,2026/01/29 23:00,329
6048,2026/01/30 00:00,10
6048,2026/01/30 01:00,275
6048,2026/01/30 02:00,286
6048,2026/01/30 03:00,245
6048,2026/01/30 04:00,254
6048,2026/01/30 05:00,255
6048,2026/01/30 06:00,300
6048,2026/01/30 07:00,295
6048,2026/01/30 08:00,285
6048,2026/01/30 09:00,322
6048,2026/01/30 10:00,227
6048,2026/01/30 11:00,211
6048,2026/01/30 12:00,272
6048,2026/01/30 13:00,261
6048,2026/01/30 14:00,220
6048,2026/01/30 15:00,207
6048,2026/01/30 16:00,198
6048,2026/01/30 17:00,206
6048,2026/01/30 18:00,237
6048,2026/01/30 19:00,236
6048,2026/01/30 20:00,250
6048,2026/01/30 21:00,270
6048,2026/01/30 22:00,278
6048,2026/01/30 23:00,296
6048,2026/01/31 00:00,295
6048,2026/01/31 01:00,270
6048,2026/01/31 02:00,7
6048,2026/01/31 03:00,304
6048,2026/01/31 04:00,299
6048,2026/01/31 05:00,310
6048,2026/01/31 06:00,354
6048,2026/01/31 07:00,8
6048,2026/01/31 08:00,0
6048,2026/01/31 09:00,356
6048,2026/01/31 10:00,0
6048,2026/01/31 11:00,351
6048,2026/01/31 12:00,14
6048,2026/01/31 13:00,206
6048,2026/01/31 14:00,243
6048,2026/01/31 15:00,257
6048,2026/01/31 16:00,244
6048,2026/01/31 17:00,230
6048,2026/01/31 18:00,235
6048,2026/01/31 19:00,208
6048,2026/01/31 20:00,248
6048,2026/01/31 21:00,258
6048,2026/01/31 22:00,257
6048,2026/01/31 23:00,259
6048,2026/02/01 00:00,261
6048,2026/02/01 01:00,357
6048,2026/02/01 02:00,221
6048,2026/02/01 03:00,-999
6048,2026/02/01 04:00,47
6048,2026/02/01 05:00,308
6048,2026/02/01 06:00,298
6048,2026/02/01 07:00,248
6048,2026/02/01 08:00,292
6048,2026/02/01 09:00,311
6048,2026/02/01 10:00,84
6048,2026/02/01 11:00,332
6048,2026/02/01 12:00,79
6048,2026/02/01 13:00,79
6048,2026/02/01 14:00,91
6048,2026/02/01 15:00,68
6048,2026/02/01 16:00,70
6048,2026/02/01 17:00,68
6048,2026/02/01 18:00,76
6048,2026/02/01 19:00,197
6048,2026/02/01 20:00,264
6048,2026/02/01 21:00,264
6048,2026/02/01 22:00,298
6048,2026/02/01 23:00,306
6048,2026/02/02 00:00,301
6048,2026/02/02 01:00,297
6048,2026/02/02 02:00,302
6048,2026/02/02 03:00,294
6048,2026/02/02 04:00,315
6048,2026/02/02 05:00,51
6048,2026/02/02 06:00,271
6048,2026/02/02 07:00,210
6048,2026/02/02 08:00,195
6048,2026/02/02 09:00,284
6048,2026/02/02 10:00,247
6048,2026/02/02 11:00,271
6048,2026/02/02 12:00,304
6048,2026/02/02 13:00,74
6048,2026/02/02 14:00,96
6048,2026/02/02 15:00,88
6048,2026/02/02 16:00,96
6048,2026/02/02 17:00,110
6048,2026/02/02 18:00,122
6048,2026/02/02 19:00,129
6048,2026/02/02 20:00,110
6048,2026/02/02 21:00,115
6048,2026/02/02 22:00,109
6048,2026/02/02 23:00,99
6048,2026/02/03 00:00,71
6048,2026/02/03 01:00,75
6048,2026/02/03 02:00,71
6048,2026/02/03 03:00,49
6048,2026/02/03 04:00,41
6048,2026/02/03 05:00,35
6048,2026/02/03 06:00,32
6048,2026/02/03 07:00,306
6048,2026/02/03 08:00,289
6048,2026/02/03 09:00,299
6048,2026/02/03 10:00,354
6048,2026/02/03 11:00,355
6048,2026/02/03 12:00,1
6048,2026/02/03 13:00,5
6048,2026/02/03 14:00,7
6048,2026/02/03 15:00,309
6048,2026/02/03 16:00,359
6048,2026/02/03 17:00,297
6048,2026/02/03 18:00,223
6048,2026/02/03 19:00,236
6048,2026/02/03 20:00,234
6048,2026/02/03 21:00,258
6048,2026/02/03 22:00,251
6048,2026/02/03 23:00,238
6048,2026/02/04 00:00,244
6048,2026/02/04 01:00,243
6048,2026/02/04 02:00,233
6048,2026/02/04 03:00,232
6048,2026/02/04 04:00,254
6048,2026/02/04 05:00,252
6048,2026/02/04 06:00,289
6048,2026/02/04 07:00,299
6048,2026/02/04 08:00,301
6048,2026/02/04 09:00,316
6048,2026/02/04 10:00,345
6048,2026/02/04 11:00,343
6048,2026/02/04 12:00,337
6048,2026/02/04 13:00,357
6048,2026/02/04 14:00,356
6048,2026/02/04 15:00,323
6048,2026/02/04 16:00,313
6048,2026/02/04 17:00,301
6048,2026/02/04 18:00,297
6048,2026/02/04 19:00,295
6048,2026/02/04 20:00,285
6048,2026/02/04 21:00,272
6048,2026/02/04 22:00,263
6048,2026/02/04 23:00,277
6048,2026/02/05 00:00,249
6048,2026/02/05 01:00,229
6048,2026/02/05 02:00,233
6048,2026/02/05 03:00,232
6048,2026/02/05 04:00,235
6048,2026/02/05 05:00,244
6048,2026/02/05 06:00,241
6048,2026/02/05 07:00,259
6048,2026/02/05 08:00,247
6048,2026/02/05 09:00,254
6048,2026/02/05 10:00,337
6048,2026/02/05 11:00,245
6048,2026/02/05 12:00,244
6048,2026/02/05 13:00,236
6048,2026/02/05 14:00,252
6048,2026/02/05 15:00,220
6048,2026/02/05 16:00,246
6048,2026/02/05 17:00,300
6048,2026/02/05 18:00,347
6048,2026/02/05 19:00,46
6048,2026/02/05 20:00,102
6048,2026/02/05 21:00,82
6048,2026/02/05 22:00,82
6048,2026/02/05 23:00,56
6048,2026/02/06 00:00,46
6048,2026/02/06 01:00,45
6048,2026/02/06 02:00,47
6048,2026/02/06 03:00,26
6048,2026/02/06 04:00,356
6048,2026/02/06 05:00,303
6048,2026/02/06 06:00,296
6048,2026/02/06 07:00,303
6048,2026/02/06 08:00,304
6048,2026/02/06 09:00,301
6048,2026/02/06 10:00,297
6048,2026/02/06 11:00,279
6048,2026/02/06 12:00,267
6048,2026/02/06 13:00,260
6048,2026/02/06 14:00,253
6048,2026/02/06 15:00,258
6048,2026/02/06 16:00,256
6048,2026/02/06 17:00,241
6048,2026/02/06 18:00,229
6048,2026/02/06 19:00,236
6048,2026/02/06 20:00,230
6048,2026/02/06 21:00,242
6048,2026/02/06 22:00,278
6048,2026/02/06 23:00,272
6048,2026/02/07 00:00,237
6048,2026/02/07 01:00,323
6048,2026/02/07 02:00,327
6048,2026/02/07 03:00,33
6048,2026/02/07 04:00,81
6048,2026/02/07 05:00,78
6048,2026/02/07 06:00,64
6048,2026/02/07 07:00,74
6048,2026/02/07 08:00,81
6048,2026/02/07 09:00,53
6048,2026/02/07 10:00,81
6048,2026/02/07 11:00,56
6048,2026/02/07 12:00,64
6048,2026/02/07 13:00,96
6048,2026/02/07 14:00,107
6048,2026/02/07 15:00,116
6048,2026/02/07 16:00,117
6048,2026/02/07 17:00,68
6048,2026/02/07 18:00,167
6048,2026/02/07 19:00,240
6048,2026/02/07 20:00,269
6048,2026/02/07 21:00,304
6048,2026/02/07 22:00,336
6048,2026/02/07 23:00,309
6048,2026/02/08 00:00,284
6048,2026/02/08 01:00,336
6048,2026/02/08 02:00,87
6048,2026/02/08 03:00,1
6048,2026/02/08 04:00,12
6048,2026/02/08 05:00,12
6048,2026/02/08 06:00,23
6048,2026/02/08 07:00,46
6048,2026/02/08 08:00,213
6048,2026/02/08 09:00,223
6048,2026/02/08 10:00,245
6048,2026/02/08 11:00,5
6048,2026/02/08 12:00,56
6048,2026/02/08 13:00,78
6048,2026/02/08 14:00,98
6048,2026/02/08 15:00,127
6048,2026/02/08 16:00,113
6048,2026/02/08 17:00,104
6048,2026/02/08 18:00,75
6048,2026/02/08 19:00,79
6048,2026/02/08 20:00,111
6048,2026/02/08 21:00,91
6048,2026/02/08 22:00,56
6048,2026/02/08 23:00,32
6048,2026/02/09 00:00,11
6048,2026/02/09 01:00,20
6048,2026/02/09 02:00,23
6048,2026/02/09 03:00,107
6048,2026/02/09 04:00,352
6048,2026/02/09 05:00,331
6048,2026/02/09 06:00,276
6048,2026/02/09 07:00,254
6048,2026/02/09 08:00,283
6048,2026/02/09 09:00,285
6048,2026/02/09 10:00,314
6048,2026/02/09 11:00,68
6048,2026/02/09 12:00,26
6048,2026/02/09 13:00,315
6048,2026/02/09 14:00,250
6048,2026/02/09 15:00,276
6048,2026/02/09 16:00,300
6048,2026/02/09 17:00,191
6048,2026/02/09 18:00,250
6048,2026/02/09 19:00,233
6048,2026/02/09 20:00,144
6048,2026/02/09 21:00,120
6048,2026/02/09 22:00,81
6048,2026/02/09 23:00,65
6048,2026/02/10 00:00,51
6048,2026/02/10 01:00,17
6048,2026/02/10 02:00,45
6048,2026/02/10 03:00,35
6048,2026/02/10 04:00,37
6048,2026/02/10 05:00,67
6048,2026/02/10 06:00,70
6048,2026/02/10 07:00,58
6048,2026/02/10 08:00,47
6048,2026/02/10 09:00,62
6048,2026/02/10 10:00,73
6048,2026/02/10 11:00,100
6048,2026/02/10 12:00,114
6048,2026/02/10 13:00,112
6048,2026/02/10 14:00,109
6048,2026/02/10 15:00,124
6048,2026/02/10 16:00,130
6048,2026/02/10 17:00,136
6048,2026/02/10 18:00,160
6048,2026/02/10 19:00,127
6048,2026/02/10 20:00,121
6048,2026/02/10 21:00,104
6048,2026/02/10 22:00,64
6048,2026/02/10 23:00,71
6048,2026/02/11 00:00,83
6048,2026/02/11 01:00,84
6048,2026/02/11 02:00,62
6048,2026/02/11 03:00,84
6048,2026/02/11 04:00,84
6048,2026/02/11 05:00,16
6048,2026/02/11 06:00,2
6048,2026/02/11 07:00,342
6048,2026/02/11 08:00,281
6048,2026/02/11 09:00,293
6048,2026/02/11 10:00,312
6048,2026/02/11 11:00,271
6048,2026/02/11 12:00,245
6048,2026/02/11 13:00,242
6048,2026/02/11 14:00,249
6048,2026/02/11 15:00,218
6048,2026/02/11 16:00,231
6048,2026/02/11 17:00,227
6048,2026/02/11 18:00,230
6048,2026/02/11 19:00,200
6048,2026/02/11 20:00,228
6048,2026/02/11 21:00,279
6048,2026/02/11 22:00,333
6048,2026/02/11 23:00,94
6048,2026/02/12 00:00,104
6048,2026/02/12 01:00,67
6048,2026/02/12 02:00,51
6048,2026/02/12 03:00,70
6048,2026/02/12 04:00,80
6048,2026/02/12 05:00,88
6048,2026/02/12 06:00,58
6048,2026/02/12 07:00,50
6048,2026/02/12 08:00,68
6048,2026/02/12 09:00,98
6048,2026/02/12 10:00,90
6048,2026/02/12 11:00,63
6048,2026/02/12 12:00,356
6048,2026/02/12 13:00,336
6048,2026/02/12 14:00,264
6048,2026/02/12 15:00,275
6048,2026/02/12 16:00,236
6048,2026/02/12 17:00,232
6048,2026/02/12 18:00,227
6048,2026/02/12 19:00,226
6048,2026/02/12 20:00,258
6048,2026/02/12 21:00,253
6048,2026/02/12 22:00,255
6048,2026/02/12 23:00,248
6048,2026/02/13 00:00,259
6048,2026/02/13 01:00,254
6048,2026/02/13 02:00,258
6048,2026/02/13 03:00,257
6048,2026/02/13 04:00,248
6048,2026/02/13 05:00,243
6048,2026/02/13 06:00,231
6048,2026/02/13 07:00,236
6048,2026/02/13 08:00,235
6048,2026/02/13 09:00,227
6048,2026/02/13 10:00,232
6048,2026/02/13 11:00,233
6048,2026/02/13 12:00,238
6048,2026/02/13 13:00,236
6048,2026/02/13 14:00,244
6048,2026/02/13 15:00,89
6048,2026/02/13 16:00,44
6048,2026/02/13 17:00,105
6048,2026/02/13 18:00,114
6048,2026/02/13 19:00,114
6048,2026/02/13 20:00,92
6048,2026/02/13 21:00,77
6048,2026/02/13 22:00,85
6048,2026/02/13 23:00,80
6048,2026/02/14 00:00,99
6048,2026/02/14 01:00,100
6048,2026/02/14 02:00,53
6048,2026/02/14 03:00,12
6048,2026/02/14 04:00,350
6048,2026/02/14 05:00,90
6048,2026/02/14 06:00,85
6048,2026/02/14 07:00,339
6048,2026/02/14 08:00,59
6048,2026/02/14 09:00,350
6048,2026/02/14 10:00,15
6048,2026/02/14 11:00,20
6048,2026/02/14 12:00,334
6048,2026/02/14 13:00,291
6048,2026/02/14 14:00,279
6048,2026/02/14 15:00,276
6048,2026/02/14 16:00,245
6048,2026/02/14 17:00,223
6048,2026/02/14 18:00,207
6048,2026/02/14 19:00,245
6048,2026/02/14 20:00,239
6048,2026/02/14 21:00,234
6048,2026/02/14 22:00,220
6048,2026/02/14 23:00,252
6048,2026/02/15 00:00,258
6048,2026/02/15 01:00,239
6048,2026/02/15 02:00,246
6048,2026/02/15 03:00,351
6048,2026/02/15 04:00,352
6048,2026/02/15 05:00,322
6048,2026/02/15 06:00,26
6048,2026/02/15 07:00,21
6048,2026/02/15 08:00,82
6048,2026/02/15 09:00,75
6048,2026/02/15 10:00,64
6048,2026/02/15 11:00,86
6048,2026/02/15 12:00,27
6048,2026/02/15 13:00,18
6048,2026/02/15 14:00,204
6048,2026/02/15 15:00,167
6048,2026/02/15 16:00,131
6048,2026/02/15 17:00,161
6048,2026/02/15 18:00,187
6048,2026/02/15 19:00,196
6048,2026/02/15 20:00,225
6048,2026/02/15 21:00,48
6048,2026/02/15 22:00,53
6048,2026/02/15 23:00,47
6048,2026/02/16 00:00,56
6048,2026/02/16 01:00,61
6048,2026/02/16 02:00,61
6048,2026/02/16 03:00,85
6048,2026/02/16 04:00,55
6048,2026/02/16 05:00,91
6048,2026/02/16 06:00,86
6048,2026/02/16 07:00,83
6048,2026/02/16 08:00,70
6048,2026/02/16 09:00,69
6048,2026/02/16 10:00,91
6048,2026/02/16 11:00,95
6048,2026/02/16 12:00,65
6048,2026/02/16 13:00,20
6048,2026/02/16 14:00,41
6048,2026/02/16 15:00,211
6048,2026/02/16 16:00,214
6048,2026/02/16 17:00,240
6048,2026/02/16 18:00,228
6048,2026/02/16 19:00,253
6048,2026/02/16 20:00,246
6048,2026/02/16 21:00,259
6048,2026/02/16 22:00,265
6048,2026/02/16 23:00,248
6048,2026/02/17 00:00,256
6048,2026/02/17 01:00,267
6048,2026/02/17 02:00,255
6048,2026/02/17 03:00,251
6048,2026/02/17 04:00,251
6048,2026/02/17 05:00,245
6048,2026/02/17 06:00,230
6048,2026/02/17 07:00,230
6048,2026/02/17 08:00,246
6048,2026/02/17 09:00,256
6048,2026/02/17 10:00,244
6048,2026/02/17 11:00,278
6048,2026/02/17 12:00,287
6048,2026/02/17 13:00,286
6048,2026/02/17 14:00,294
6048,2026/02/17 15:00,279
6048,2026/02/17 16:00,325
6048,2026/02/17 17:00,317
6048,2026/02/17 18:00,341
6048,2026/02/17 19:00,306
6048,2026/02/17 20:00,306
6048,2026/02/17 21:00,1
6048,2026/02/17 22:00,6
6048,2026/02/17 23:00,327
6048,2026/02/18 00:00,271
6048,2026/02/18 01:00,272
6048,2026/02/18 02:00,260
6048,2026/02/18 03:00,283
6048,2026/02/18 04:00,290
6048,2026/02/18 05:00,318
6048,2026/02/18 06:00,259
6048,2026/02/18 07:00,288
6048,2026/02/18 08:00,0
6048,2026/02/18 09:00,46
6048,2026/02/18 10:00,59
6048,2026/02/18 11:00,76
6048,2026/02/18 12:00,96
6048,2026/02/18 13:00,112
6048,2026/02/18 14:00,133
6048,2026/02/18 15:00,117
6048,2026/02/18 16:00,75
6048,2026/02/18 17:00,90
6048,2026/02/18 18:00,112
6048,2026/02/18 19:00,101
6048,2026/02/18 20:00,84
6048,2026/02/18 21:00,67
6048,2026/02/18 22:00,44
6048,2026/02/18 23:00,50
6048,2026/02/19 00:00,55
6048,2026/02/19 01:00,84
6048,2026/02/19 02:00,91
6048,2026/02/19 03:00,75
6048,2026/02/19 04:00,96
6048,2026/02/19 05:00,75
6048,2026/02/19 06:00,71
6048,2026/02/19 07:00,35
6048,2026/02/19 08:00,329
6048,2026/02/19 09:00,300
6048,2026/02/19 10:00,300
6048,2026/02/19 11:00,318
6048,2026/02/19 12:00,223
6048,2026/02/19 13:00,234
6048,2026/02/19 14:00,234
6048,2026/02/19 15:00,231
6048,2026/02/19 16:00,249
6048,2026/02/19 17:00,255
6048,2026/02/19 18:00,266
6048,2026/02/19 19:00,268
6048,2026/02/19 20:00,258
6048,2026/02/19 21:00,270
6048,2026/02/19 22:00,291
6048,2026/02/19 23:00,265
6048,2026/02/20 00:00,258
6048,2026/02/20 01:00,248
6048,2026/02/20 02:00,273
6048,2026/02/20 03:00,270
6048,2026/02/20 04:00,270
6048,2026/02/20 05:00,257
6048,2026/02/20 06:00,267
6048,2026/02/20 07:00,268
6048,2026/02/20 08:00,256
6048,2026/02/20 09:00,231
6048,2026/02/20 10:00,247
6048,2026/02/20 11:00,244
6048,2026/02/20 12:00,250
6048,2026/02/20 13:00,347
6048,2026/02/20 14:00,39
6048,2026/02/20 15:00,89
6048,2026/02/20 16:00,72
6048,2026/02/20 17:00,51
6048,2026/02/20 18:00,92
6048,2026/02/20 19:00,79
6048,2026/02/20 20:00,78
6048,2026/02/20 21:00,78
6048,2026/02/20 22:00,76
6048,2026/02/20 23:00,75
6048,2026/02/21 00:00,65
6048,2026/02/21 01:00,66
6048,2026/02/21 02:00,60
6048,2026/02/21 03:00,44
6048,2026/02/21 04:00,37
6048,2026/02/21 05:00,51
6048,2026/02/21 06:00,36
6048,2026/02/21 07:00,315
6048,2026/02/21 08:00,347
6048,2026/02/21 09:00,348
6048,2026/02/21 10:00,358
6048,2026/02/21 11:00,182
6048,2026/02/21 12:00,199
6048,2026/02/21 13:00,211
6048,2026/02/21 14:00,222
6048,2026/02/21 15:00,263
6048,2026/02/21 16:00,238
6048,2026/02/21 17:00,250
6048,2026/02/21 18:00,247
6048,2026/02/21 19:00,228
6048,2026/02/21 20:00,193
6048,2026/02/21 21:00,190
6048,2026/02/21 22:00,124
6048,2026/02/21 23:00,71
6048,2026/02/22 00:00,64
6048,2026/02/22 01:00,68
6048,2026/02/22 02:00,75
6048,2026/02/22 03:00,54
6048,2026/02/22 04:00,49
6048,2026/02/22 05:00,321
6048,2026/02/22 06:00,17
6048,2026/02/22 07:00,333
6048,2026/02/22 08:00,342
6048,2026/02/22 09:00,355
6048,2026/02/22 10:00,63
6048,2026/02/22 11:00,68
6048,2026/02/22 12:00,88
6048,2026/02/22 13:00,202
6048,2026/02/22 14:00,203
6048,2026/02/22 15:00,217
6048,2026/02/22 16:00,254
6048,2026/02/22 17:00,231
6048,2026/02/22 18:00,216
6048,2026/02/22 19:00,202
6048,2026/02/22 20:00,188
6048,2026/02/22 21:00,200
6048,2026/02/22 22:00,218
6048,2026/02/22 23:00,343
6048,2026/02/23 00:00,2
6048,2026/02/23 01:00,348
6048,2026/02/23 02:00,7
6048,2026/02/23 03:00,3
6048,2026/02/23 04:00,322
6048,2026/02/23 05:00,306
6048,2026/02/23 06:00,336
6048,2026/02/23 07:00,308
6048,2026/02/23 08:00,9
6048,2026/02/23 09:00,19
6048,2026/02/23 10:00,343
6048,2026/02/23 11:00,244
6048,2026/02/23 12:00,239
6048,2026/02/23 13:00,251
6048,2026/02/23 14:00,237
6048,2026/02/23 15:00,241
6048,2026/02/23 16:00,241
6048,2026/02/23 17:00,251
6048,2026/02/23 18:00,247
6048,2026/02/23 19:00,243
6048,2026/02/23 20:00,151
6048,2026/02/23 21:00,156
6048,2026/02/23 22:00,182
6048,2026/02/23 23:00,3
6048,2026/02/24 00:00,346
6048,2026/02/24 01:00,4
6048,2026/02/24 02:00,346
6048,2026/02/24 03:00,5
6048,2026/02/24 04:00,343
6048,2026/02/24 05:00,315
6048,2026/02/24 06:00,300
6048,2026/02/24 07:00,286
6048,2026/02/24 08:00,286
6048,2026/02/24 09:00,239
6048,2026/02/24 10:00,254
6048,2026/02/24 11:00,246
6048,2026/02/24 12:00,240
6048,2026/02/24 13:00,240
6048,2026/02/24 14:00,164
6048,2026/02/24 15:00,101
6048,2026/02/24 16:00,103
6048,2026/02/24 17:00,90
6048,2026/02/24 18:00,86
6048,2026/02/24 19:00,86
6048,2026/02/24 20:00,77
6048,2026/02/24 21:00,78
6048,2026/02/24 22:00,74
6048,2026/02/24 23:00,66
6048,2026/02/25 00:00,68
6048,2026/02/25 01:00,50
6048,2026/02/25 02:00,11
6048,2026/02/25 03:00,13
6048,2026/02/25 04:00,358
6048,2026/02/25 05:00,337
6048,2026/02/25 06:00,328
6048,2026/02/25 07:00,325
6048,2026/02/25 08:00,308
6048,2026/02/25 09:00,273
6048,2026/02/25 10:00,297
6048,2026/02/25 11:00,5
6048,2026/02/25 12:00,253
6048,2026/02/25 13:00,55
6048,2026/02/25 14:00,217
6048,2026/02/25 15:00,235
6048,2026/02/25 16:00,251
6048,2026/02/25 17:00,234
6048,2026/02/25 18:00,233
6048,2026/02/25 19:00,236
6048,2026/02/25 20:00,233
6048,2026/02/25 21:00,229
6048,2026/02/25 22:00,241
6048,2026/02/25 23:00,256
6048,2026/02/26 00:00,261
6048,2026/02/26 01:00,265
6048,2026/02/26 02:00,285
6048,2026/02/26 03:00,325
6048,2026/02/26 04:00,337
6048,2026/02/26 05:00,353
6048,2026/02/26 06:00,-999
6048,2026/02/26 07:00,354
6048,2026/02/26 08:00,358
6048,2026/02/26 09:00,1
6048,2026/02/26 10:00,6
6048,2026/02/26 11:00,279
6048,2026/02/26 12:00,240
6048,2026/02/26 13:00,236
6048,2026/02/26 14:00,246
6048,2026/02/26 15:00,248
6048,2026/02/26 16:00,218
6048,2026/02/26 17:00,207
6048,2026/02/26 18:00,208
6048,2026/02/26 19:00,250
6048,2026/02/26 20:00,235
6048,2026/02/26 21:00,257
6048,2026/02/26 22:00,297
6048,2026/02/26 23:00,317
6048,2026/02/27 00:00,346
6048,2026/02/27 01:00,341
6048,2026/02/27 02:00,359
6048,2026/02/27 03:00,61
6048,2026/02/27 04:00,55
6048,2026/02/27 05:00,78
6048,2026/02/27 06:00,70
6048,2026/02/27 07:00,305
6048,2026/02/27 08:00,356
6048,2026/02/27 09:00,342
6048,2026/02/27 10:00,312
6048,2026/02/27 11:00,100
6048,2026/02/27 12:00,110
6048,2026/02/27 13:00,207
6048,2026/02/27 14:00,181
6048,2026/02/27 15:00,235
6048,2026/02/27 16:00,232
6048,2026/02/27 17:00,252
6048,2026/02/27 18:00,271
6048,2026/02/27 19:00,294
6048,2026/02/27 20:00,28
6048,2026/02/27 21:00,219
6048,2026/02/27 22:00,224
6048,2026/02/27 23:00,250
6048,2026/02/28 00:00,271
6048,2026/02/28 01:00,306
6048,2026/02/28 02:00,299
6048,2026/02/28 03:00,293
6048,2026/02/28 04:00,299
6048,2026/02/28 05:00,44
6048,2026/02/28 06:00,57
6048,2026/02/28 07:00,221
6048,2026/02/28 08:00,242
6048,2026/02/28 09:00,172
6048,2026/02/28 10:00,185
6048,2026/02/28 11:00,212
6048,2026/02/28 12:00,230
6048,2026/02/28 13:00,223
6048,2026/02/28 14:00,250
6048,2026/02/28 15:00,246
6048,2026/02/28 16:00,232
6048,2026/02/28 17:00,233
6048,2026/02/28 18:00,244
6048,2026/02/28 19:00,290
6048,2026/02/28 20:00,278
6048,2026/02/28 21:00,269
6048,2026/02/28 22:00,275
6048,2026/02/28 23:00,16
6048,2026/03/01 00:00,24
6048,2026/03/01 01:00,39
6048,2026/03/01 02:00,14
6048,2026/03/01 03:00,95
6048,2026/03/01 04:00,73
6048,2026/03/01 05:00,84
6048,2026/03/01 06:00,74
6048,2026/03/01 07:00,72
6048,2026/03/01 08:00,87
6048,2026/03/01 09:00,104
6048,2026/03/01 10:00,85
6048,2026/03/01 11:00,80
6048,2026/03/01 12:00,85
6048,2026/03/01 13:00,75
6048,2026/03/01 14:00,87
6048,2026/03/01 15:00,93
6048,2026/03/01 16:00,91
6048,2026/03/01 17:00,97
6048,2026/03/01 18:00,99
6048,2026/03/01 19:00,75
6048,2026/03/01 20:00,54
6048,2026/03/01 21:00,74
6048,2026/03/01 22:00,77
6048,2026/03/01 23:00,79
6048,2026/03/02 00:00,85
6048,2026/03/02 01:00,103
6048,2026/03/02 02:00,92
6048,2026/03/02 03:00,91
6048,2026/03/02 04:00,99
6048,2026/03/02 05:00,98
6048,2026/03/02 06:00,79
6048,2026/03/02 07:00,72
6048,2026/03/02 08:00,75
6048,2026/03/02 09:00,80
6048,2026/03/02 10:00,76
6048,2026/03/02 11:00,88
6048,2026/03/02 12:00,98
6048,2026/03/02 13:00,95
6048,2026/03/02 14:00,88
6048,2026/03/02 15:00,97
6048,2026/03/02 16:00,45
6048,2026/03/02 17:00,15
6048,2026/03/02 18:00,85
6048,2026/03/02 19:00,70
6048,2026/03/02 20:00,104
6048,2026/03/02 21:00,72
6048,2026/03/02 22:00,105
6048,2026/03/02 23:00,67
6048,2026/03/03 00:00,43
6048,2026/03/03 01:00,52
6048,2026/03/03 02:00,50
6048,2026/03/03 03:00,67
6048,2026/03/03 04:00,346
6048,2026/03/03 05:00,329
6048,2026/03/03 06:00,317
6048,2026/03/03 07:00,354
6048,2026/03/03 08:00,328
6048,2026/03/03 09:00,352
6048,2026/03/03 10:00,67
6048,2026/03/03 11:00,143
6048,2026/03/03 12:00,208
6048,2026/03/03 13:00,158
6048,2026/03/03 14:00,193
6048,2026/03/03 15:00,173
6048,2026/03/03 16:00,189
6048,2026/03/03 17:00,196
6048,2026/03/03 18:00,201
6048,2026/03/03 19:00,199
6048,2026/03/03 20:00,165
6048,2026/03/03 21:00,145
6048,2026/03/03 22:00,79
6048,2026/03/03 23:00,58
6048,2026/03/04 00:00,78
6048,2026/03/04 01:00,73
6048,2026/03/04 02:00,45
6048,2026/03/04 03:00,59
6048,2026/03/04 04:00,37
6048,2026/03/04 05:00,344
6048,2026/03/04 06:00,86
6048,2026/03/04 07:00,6
6048,2026/03/04 08:00,57
6048,2026/03/04 09:00,72
6048,2026/03/04 10:00,81
6048,2026/03/04 11:00,60
6048,2026/03/04 12:00,26
6048,2026/03/04 13:00,200
6048,2026/03/04 14:00,280
6048,2026/03/04 15:00,269
6048,2026/03/04 16:00,233
6048,2026/03/04 17:00,169
6048,2026/03/04 18:00,155
6048,2026/03/04 19:00,157
6048,2026/03/04 20:00,133
6048,2026/03/04 21:00,145
6048,2026/03/04 22:00,126
6048,2026/03/04 23:00,111
6048,2026/03/05 00:00,65
6048,2026/03/05 01:00,86
6048,2026/03/05 02:00,101
6048,2026/03/05 03:00,83
6048,2026/03/05 04:00,74
6048,2026/03/05 05:00,99
6048,2026/03/05 06:00,105
6048,2026/03/05 07:00,81
6048,2026/03/05 08:00,73
6048,2026/03/05 09:00,71
6048,2026/03/05 10:00,86
6048,2026/03/05 11:00,102
6048,2026/03/05 12:00,113
6048,2026/03/05 13:00,133
6048,2026/03/05 14:00,71
6048,2026/03/05 15:00,95
6048,2026/03/05 16:00,137
6048,2026/03/05 17:00,107
6048,2026/03/05 18:00,85
6048,2026/03/05 19:00,118
6048,2026/03/05 20:00,120
6048,2026/03/05 21:00,104
6048,2026/03/05 22:00,134
6048,2026/03/05 23:00,170
6048,2026/03/06 00:00,307
6048,2026/03/06 01:00,349
6048,2026/03/06 02:00,73
6048,2026/03/06 03:00,158
6048,2026/03/06 04:00,293
6048,2026/03/06 05:00,289
6048,2026/03/06 06:00,289
6048,2026/03/06 07:00,297
6048,2026/03/06 08:00,280
6048,2026/03/06 09:00,237
6048,2026/03/06 10:00,262
6048,2026/03/06 11:00,13
6048,2026/03/06 12:00,104
6048,2026/03/06 13:00,96
6048,2026/03/06 14:00,100
6048,2026/03/06 15:00,98
6048,2026/03/06 16:00,100
6048,2026/03/06 17:00,68
6048,2026/03/06 18:00,83
6048,2026/03/06 19:00,110
6048,2026/03/06 20:00,140
6048,2026/03/06 21:00,153
6048,2026/03/06 22:00,97
6048,2026/03/06 23:00,69
6048,2026/03/07 00:00,55
6048,2026/03/07 01:00,31
6048,2026/03/07 02:00,345
6048,2026/03/07 03:00,350
6048,2026/03/07 04:00,347
6048,2026/03/07 05:00,311
6048,2026/03/07 06:00,329
6048,2026/03/07 07:00,335
6048,2026/03/07 08:00,338
6048,2026/03/07 09:00,357
6048,2026/03/07 10:00,351
6048,2026/03/07 11:00,231
6048,2026/03/07 12:00,211
6048,2026/03/07 13:00,190
6048,2026/03/07 14:00,231
6048,2026/03/07 15:00,185
6048,2026/03/07 16:00,125
6048,2026/03/07 17:00,142
6048,2026/03/07 18:00,161
6048,2026/03/07 19:00,128
6048,2026/03/07 20:00,104
6048,2026/03/07 21:00,66
6048,2026/03/07 22:00,3
6048,2026/03/07 23:00,21
6048,2026/03/08 00:00,29
6048,2026/03/08 01:00,13
6048,2026/03/08 02:00,357
6048,2026/03/08 03:00,332
6048,2026/03/08 04:00,6
6048,2026/03/08 05:00,311
6048,2026/03/08 06:00,16
6048,2026/03/08 07:00,12
6048,2026/03/08 08:00,16
6048,2026/03/08 09:00,2
6048,2026/03/08 10:00,54
6048,2026/03/08 11:00,101
6048,2026/03/08 12:00,113
6048,2026/03/08 13:00,99
6048,2026/03/08 14:00,70
6048,2026/03/08 15:00,115
6048,2026/03/08 16:00,107
6048,2026/03/08 17:00,114
6048,2026/03/08 18:00,110
6048,2026/03/08 19:00,113
6048,2026/03/08 20:00,116
6048,2026/03/08 21:00,109
6048,2026/03/08 22:00,83
6048,2026/03/08 23:00,56
6048,2026/03/09 00:00,60
6048,2026/03/09 01:00,53
6048,2026/03/09 02:00,57
6048,2026/03/09 03:00,53
6048,2026/03/09 04:00,20
6048,2026/03/09 05:00,304
6048,2026/03/09 06:00,332
6048,2026/03/09 07:00,7
6048,2026/03/09 08:00,353
6048,2026/03/09 09:00,4
6048,2026/03/09 10:00,321
6048,2026/03/09 11:00,291
6048,2026/03/09 12:00,166
6048,2026/03/09 13:00,63
6048,2026/03/09 14:00,83
6048,2026/03/09 15:00,93
6048,2026/03/09 16:00,126
6048,2026/03/09 17:00,200
6048,2026/03/09 18:00,227
6048,2026/03/09 19:00,244
6048,2026/03/09 20:00,234
6048,2026/03/09 21:00,257
6048,2026/03/09 22:00,287
6048,2026/03/09 23:00,296
6048,2026/03/10 00:00,290
6048,2026/03/10 01:00,6
6048,2026/03/10 02:00,8
6048,2026/03/10 03:00,311
6048,2026/03/10 04:00,-999
6048,2026/03/10 05:00,212
6048,2026/03/10 06:00,241
6048,2026/03/10 07:00,68
6048,2026/03/10 08:00,73
6048,2026/03/10 09:00,81
6048,2026/03/10 10:00,92
6048,2026/03/10 11:00,96
6048,2026/03/10 12:00,115
6048,2026/03/10 13:00,128
6048,2026/03/10 14:00,73
6048,2026/03/10 15:00,93
6048,2026/03/10 16:00,147
6048,2026/03/10 17:00,314
6048,2026/03/10 18:00,247
6048,2026/03/10 19:00,205
6048,2026/03/10 20:00,198
6048,2026/03/10 21:00,214
6048,2026/03/10 22:00,253
6048,2026/03/10 23:00,256
6048,2026/03/11 00:00,243
6048,2026/03/11 01:00,260
6048,2026/03/11 02:00,261
6048,2026/03/11 03:00,282
6048,2026/03/11 04:00,300
6048,2026/03/11 05:00,319
6048,2026/03/11 06:00,29
6048,2026/03/11 07:00,264
6048,2026/03/11 08:00,258
6048,2026/03/11 09:00,239
6048,2026/03/11 10:00,249
6048,2026/03/11 11:00,244
6048,2026/03/11 12:00,277
6048,2026/03/11 13:00,263
6048,2026/03/11 14:00,224
6048,2026/03/11 15:00,236
6048,2026/03/11 16:00,206
6048,2026/03/11 17:00,186
6048,2026/03/11 18:00,250
6048,2026/03/11 19:00,246
6048,2026/03/11 20:00,239
6048,2026/03/11 21:00,201
6048,2026/03/11 22:00,216
6048,2026/03/11 23:00,357
6048,2026/03/12 00:00,8
6048,2026/03/12 01:00,58
6048,2026/03/12 02:00,48
6048,2026/03/12 03:00,68
6048,2026/03/12 04:00,147
6048,2026/03/12 05:00,295
6048,2026/03/12 06:00,18
6048,2026/03/12 07:00,-999
6048,2026/03/12 08:00,54
6048,2026/03/12 09:00,92
6048,2026/03/12 10:00,81
6048,2026/03/12 11:00,198
6048,2026/03/12 12:00,256
6048,2026/03/12 13:00,185
6048,2026/03/12 14:00,202
6048,2026/03/12 15:00,222
6048,2026/03/12 16:00,187
6048,2026/03/12 17:00,144
6048,2026/03/12 18:00,142
6048,2026/03/12 19:00,159
6048,2026/03/12 20:00,165
6048,2026/03/12 21:00,201
6048,2026/03/12 22:00,206
6048,2026/03/12 23:00,297
6048,2026/03/13 00:00,121
6048,2026/03/13 01:00,351
6048,2026/03/13 02:00,66
6048,2026/03/13 03:00,71
6048,2026/03/13 04:00,44
6048,2026/03/13 05:00,26
6048,2026/03/13 06:00,337
6048,2026/03/13 07:00,41
6048,2026/03/13 08:00,333
6048,2026/03/13 09:00,10
6048,2026/03/13 10:00,1
6048,2026/03/13 11:00,225
6048,2026/03/13 12:00,207
6048,2026/03/13 13:00,157
6048,2026/03/13 14:00,212
6048,2026/03/13 15:00,182
6048,2026/03/13 16:00,142
6048,2026/03/13 17:00,152
6048,2026/03/13 18:00,149
6048,2026/03/13 19:00,137
6048,2026/03/13 20:00,122
6048,2026/03/13 21:00,105
6048,2026/03/13 22:00,106
6048,2026/03/13 23:00,112
6048,2026/03/14 00:00,78
6048,2026/03/14 01:00,64
6048,2026/03/14 02:00,75
6048,2026/03/14 03:00,66
6048,2026/03/14 04:00,101
6048,2026/03/14 05:00,112
6048,2026/03/14 06:00,76
6048,2026/03/14 07:00,78
6048,2026/03/14 08:00,79
6048,2026/03/14 09:00,81
6048,2026/03/14 10:00,83
6048,2026/03/14 11:00,95
6048,2026/03/14 12:00,101
6048,2026/03/14 13:00,91
6048,2026/03/14 14:00,101
6048,2026/03/14 15:00,103
6048,2026/03/14 16:00,102
6048,2026/03/14 17:00,78
6048,2026/03/14 18:00,67
6048,2026/03/14 19:00,68
6048,2026/03/14 20:00,90
6048,2026/03/14 21:00,106
6048,2026/03/14 22:00,108
6048,2026/03/14 23:00,123
6048,2026/03/15 00:00,106
6048,2026/03/15 01:00,60
6048,2026/03/15 02:00,70
6048,2026/03/15 03:00,56
6048,2026/03/15 04:00,49
6048,2026/03/15 05:00,26
6048,2026/03/15 06:00,330
6048,2026/03/15 07:00,3
6048,2026/03/15 08:00,344
6048,2026/03/15 09:00,312
6048,2026/03/15 10:00,307
6048,2026/03/15 11:00,322
6048,2026/03/15 12:00,338
6048,2026/03/15 13:00,357
6048,2026/03/15 14:00,358
6048,2026/03/15 15:00,35
6048,2026/03/15 16:00,74
6048,2026/03/15 17:00,36
6048,2026/03/15 18:00,69
6048,2026/03/15 19:00,66
6048,2026/03/15 20:00,3
6048,2026/03/15 21:00,345
6048,2026/03/15 22:00,342
6048,2026/03/15 23:00,313
6048,2026/03/16 00:00,299
6048,2026/03/16 01:00,293
6048,2026/03/16 02:00,292
6048,2026/03/16 03:00,284
6048,2026/03/16 04:00,279
6048,2026/03/16 05:00,288
6048,2026/03/16 06:00,285
6048,2026/03/16 07:00,241
6048,2026/03/16 08:00,264
6048,2026/03/16 09:00,275
6048,2026/03/16 10:00,281
6048,2026/03/16 11:00,254
6048,2026/03/16 12:00,245
6048,2026/03/16 13:00,238
6048,2026/03/16 14:00,247
6048,2026/03/16 15:00,233
6048,2026/03/16 16:00,239
6048,2026/03/16 17:00,250
6048,2026/03/16 18:00,310
6048,2026/03/16 19:00,328
6048,2026/03/16 20:00,357
6048,2026/03/16 21:00,5
6048,2026/03/16 22:00,7
6048,2026/03/16 23:00,9
6048,2026/03/17 00:00,353
6048,2026/03/17 01:00,351
6048,2026/03/17 02:00,352
6048,2026/03/17 03:00,49
6048,2026/03/17 04:00,85
6048,2026/03/17 05:00,101
6048,2026/03/17 06:00,108
6048,2026/03/17 07:00,68
6048,2026/03/17 08:00,76
6048,2026/03/17 09:00,78
6048,2026/03/17 10:00,80
6048,2026/03/17 11:00,87
6048,2026/03/17 12:00,97
6048,2026/03/17 13:00,100
6048,2026/03/17 14:00,112
6048,2026/03/17 15:00,91
6048,2026/03/17 16:00,122
6048,2026/03/17 17:00,121
6048,2026/03/17 18:00,115
6048,2026/03/17 19:00,107
6048,2026/03/17 20:00,104
6048,2026/03/17 21:00,89
6048,2026/03/17 22:00,89
6048,2026/03/17 23:00,95
6048,2026/03/18 00:00,98
6048,2026/03/18 01:00,87
6048,2026/03/18 02:00,89
6048,2026/03/18 03:00,89
6048,2026/03/18 04:00,79
6048,2026/03/18 05:00,73
6048,2026/03/18 06:00,71
6048,2026/03/18 07:00,34
6048,2026/03/18 08:00,12
6048,2026/03/18 09:00,34
6048,2026/03/18 10:00,39
6048,2026/03/18 11:00,329
6048,2026/03/18 12:00,106
6048,2026/03/18 13:00,118
6048,2026/03/18 14:00,137
6048,2026/03/18 15:00,155
6048,2026/03/18 16:00,239
6048,2026/03/18 17:00,255
6048,2026/03/18 18:00,250
6048,2026/03/18 19:00,226
6048,2026/03/18 20:00,228
6048,2026/03/18 21:00,284
6048,2026/03/18 22:00,286
6048,2026/03/18 23:00,319
6048,2026/03/19 00:00,345
6048,2026/03/19 01:00,341
6048,2026/03/19 02:00,345
6048,2026/03/19 03:00,336
6048,2026/03/19 04:00,321
6048,2026/03/19 05:00,324
6048,2026/03/19 06:00,311
6048,2026/03/19 07:00,328
6048,2026/03/19 08:00,325
6048,2026/03/19 09:00,357
6048,2026/03/19 10:00,60
6048,2026/03/19 11:00,198
6048,2026/03/19 12:00,263
6048,2026/03/19 13:00,269
6048,2026/03/19 14:00,268
6048,2026/03/19 15:00,231
6048,2026/03/19 16:00,232
6048,2026/03/19 17:00,252
6048,2026/03/19 18:00,189
6048,2026/03/19 19:00,160
6048,2026/03/19 20:00,158
6048,2026/03/19 21:00,140
6048,2026/03/19 22:00,73
6048,2026/03/19 23:00,73
6048,2026/03/20 00:00,67
6048,2026/03/20 01:00,67
6048,2026/03/20 02:00,59
6048,2026/03/20 03:00,62
6048,2026/03/20 04:00,48
6048,2026/03/20 05:00,59
6048,2026/03/20 06:00,70
6048,2026/03/20 07:00,64
6048,2026/03/20 08:00,10
6048,2026/03/20 09:00,72
6048,2026/03/20 10:00,97
6048,2026/03/20 11:00,110
6048,2026/03/20 12:00,133
6048,2026/03/20 13:00,113
6048,2026/03/20 14:00,138
6048,2026/03/20 15:00,150
6048,2026/03/20 16:00,166
6048,2026/03/20 17:00,184
6048,2026/03/20 18:00,152
6048,2026/03/20 19:00,146
6048,2026/03/20 20:00,125
6048,2026/03/20 21:00,100
6048,2026/03/20 22:00,82
6048,2026/03/20 23:00,61
6048,2026/03/21 00:00,63
6048,2026/03/21 01:00,52
6048,2026/03/21 02:00,55
6048,2026/03/21 03:00,45
6048,2026/03/21 04:00,47
6048,2026/03/21 05:00,44
6048,2026/03/21 06:00,58
6048,2026/03/21 07:00,41
6048,2026/03/21 08:00,92
6048,2026/03/21 09:00,117
6048,2026/03/21 10:00,241
6048,2026/03/21 11:00,196
6048,2026/03/21 12:00,99
6048,2026/03/21 13:00,97
6048,2026/03/21 14:00,96
6048,2026/03/21 15:00,93
6048,2026/03/21 16:00,116
6048,2026/03/21 17:00,122
6048,2026/03/21 18:00,108
6048,2026/03/21 19:00,108
6048,2026/03/21 20:00,107
6048,2026/03/21 21:00,99
6048,2026/03/21 22:00,98
6048,2026/03/21 23:00,101
6048,2026/03/22 00:00,97
6048,2026/03/22 01:00,94
6048,2026/03/22 02:00,85
6048,2026/03/22 03:00,79
6048,2026/03/22 04:00,93
6048,2026/03/22 05:00,93
6048,2026/03/22 06:00,76
6048,2026/03/22 07:00,82
6048,2026/03/22 08:00,94
6048,2026/03/22 09:00,111
6048,2026/03/22 10:00,99
6048,2026/03/22 11:00,102
6048,2026/03/22 12:00,115
6048,2026/03/22 13:00,131
6048,2026/03/22 14:00,104
6048,2026/03/22 15:00,138
6048,2026/03/22 16:00,158
6048,2026/03/22 17:00,32
6048,2026/03/22 18:00,340
6048,2026/03/22 19:00,359
6048,2026/03/22 20:00,23
6048,2026/03/22 21:00,85
6048,2026/03/22 22:00,14
6048,2026/03/22 23:00,334
6048,2026/03/23 00:00,47
6048,2026/03/23 01:00,185
6048,2026/03/23 02:00,206
6048,2026/03/23 03:00,237
6048,2026/03/23 04:00,229
6048,2026/03/23 05:00,258
6048,2026/03/23 06:00,276
6048,2026/03/23 07:00,283
6048,2026/03/23 08:00,355
6048,2026/03/23 09:00,345
6048,2026/03/23 10:00,260
6048,2026/03/23 11:00,239
6048,2026/03/23 12:00,234
6048,2026/03/23 13:00,236
6048,2026/03/23 14:00,244
6048,2026/03/23 15:00,214
6048,2026/03/23 16:00,220
6048,2026/03/23 17:00,205
6048,2026/03/23 18:00,195
6048,2026/03/23 19:00,195
6048,2026/03/23 20:00,207
6048,2026/03/23 21:00,203
6048,2026/03/23 22:00,206
6048,2026/03/23 23:00,333
6048,2026/03/24 00:00,358
6048,2026/03/24 01:00,337
6048,2026/03/24 02:00,304
6048,2026/03/24 03:00,307
6048,2026/03/24 04:00,306
6048,2026/03/24 05:00,-999
6048,2026/03/24 06:00,351
6048,2026/03/24 07:00,20
6048,2026/03/24 08:00,47
6048,2026/03/24 09:00,74
6048,2026/03/24 10:00,93
6048,2026/03/24 11:00,95
6048,2026/03/24 12:00,99
6048,2026/03/24 13:00,96
6048,2026/03/24 14:00,85
6048,2026/03/24 15:00,181
6048,2026/03/24 16:00,183
6048,2026/03/24 17:00,206
6048,2026/03/24 18:00,196
6048,2026/03/24 19:00,204
6048,2026/03/24 20:00,206
6048,2026/03/24 21:00,234
6048,2026/03/24 22:00,298
6048,2026/03/24 23:00,9
6048,2026/03/25 00:00,59
6048,2026/03/25 01:00,44
6048,2026/03/25 02:00,41
6048,2026/03/25 03:00,32
6048,2026/03/25 04:00,2
6048,2026/03/25 05:00,340
6048,2026/03/25 06:00,296
6048,2026/03/25 07:00,298
6048,2026/03/25 08:00,299
6048,2026/03/25 09:00,213
6048,2026/03/25 10:00,205
6048,2026/03/25 11:00,213
6048,2026/03/25 12:00,232
6048,2026/03/25 13:00,242
6048,2026/03/25 14:00,237
6048,2026/03/25 15:00,228
6048,2026/03/25 16:00,213
6048,2026/03/25 17:00,211
6048,2026/03/25 18:00,215
6048,2026/03/25 19:00,217
6048,2026/03/25 20:00,278
6048,2026/03/25 21:00,310
6048,2026/03/25 22:00,13
6048,2026/03/25 23:00,320
6048,2026/03/26 00:00,300
6048,2026/03/26 01:00,300
6048,2026/03/26 02:00,297
6048,2026/03/26 03:00,294
6048,2026/03/26 04:00,295
6048,2026/03/26 05:00,289
6048,2026/03/26 06:00,291
6048,2026/03/26 07:00,293
6048,2026/03/26 08:00,290
6048,2026/03/26 09:00,294
6048,2026/03/26 10:00,289
6048,2026/03/26 11:00,286
6048,2026/03/26 12:00,298
6048,2026/03/26 13:00,350
6048,2026/03/26 14:00,360
6048,2026/03/26 15:00,2
6048,2026/03/26 16:00,359
6048,2026/03/26 17:00,360
6048,2026/03/26 18:00,357
6048,2026/03/26 19:00,357
6048,2026/03/26 20:00,342
6048,2026/03/26 21:00,308
6048,2026/03/26 22:00,297
6048,2026/03/26 23:00,302
6048,2026/03/27 00:00,302
6048,2026/03/27 01:00,307
6048,2026/03/27 02:00,301
6048,2026/03/27 03:00,299
6048,2026/03/27 04:00,301
6048,2026/03/27 05:00,300
6048,2026/03/27 06:00,298
6048,2026/03/27 07:00,301
6048,2026/03/27 08:00,301
6048,2026/03/27 09:00,346
6048,2026/03/27 10:00,3
6048,2026/03/27 11:00,355
6048,2026/03/27 12:00,357
6048,2026/03/27 13:00,4
6048,2026/03/27 14:00,350
6048,2026/03/27 15:00,287
6048,2026/03/27 16:00,272
6048,2026/03/27 17:00,301
6048,2026/03/27 18:00,293
6048,2026/03/27 19:00,299
6048,2026/03/27 20:00,299
6048,2026/03/27 21:00,300
6048,2026/03/27 22:00,294
6048,2026/03/27 23:00,299
6048,2026/03/28 00:00,301
6048,2026/03/28 01:00,332
6048,2026/03/28 02:00,9
6048,2026/03/28 03:00,9
6048,2026/03/28 04:00,29
6048,2026/03/28 05:00,324
6048,2026/03/28 06:00,341
6048,2026/03/28 07:00,346
6048,2026/03/28 08:00,355
6048,2026/03/28 09:00,60
6048,2026/03/28 10:00,152
6048,2026/03/28 11:00,201
6048,2026/03/28 12:00,182
6048,2026/03/28 13:00,221
6048,2026/03/28 14:00,233
6048,2026/03/28 15:00,223
6048,2026/03/28 16:00,246
6048,2026/03/28 17:00,246
6048,2026/03/28 18:00,242
6048,2026/03/28 19:00,231
6048,2026/03/28 20:00,228
6048,2026/03/28 21:00,245
6048,2026/03/28 22:00,268
6048,2026/03/28 23:00,4
6048,2026/03/29 00:00,336
6048,2026/03/29 01:00,67
6048,2026/03/29 02:00,41
6048,2026/03/29 03:00,357
6048,2026/03/29 04:00,329
6048,2026/03/29 05:00,310
6048,2026/03/29 06:00,292
6048,2026/03/29 07:00,359
6048,2026/03/29 08:00,3
6048,2026/03/29 09:00,12
6048,2026/03/29 10:00,7
6048,2026/03/29 11:00,28
6048,2026/03/29 12:00,14
6048,2026/03/29 13:00,26
6048,2026/03/29 14:00,351
6048,2026/03/29 15:00,264
6048,2026/03/29 16:00,330
6048,2026/03/29 17:00,295
6048,2026/03/29 18:00,292
6048,2026/03/29 19:00,305
6048,2026/03/29 20:00,329
6048,2026/03/29 21:00,346
6048,2026/03/29 22:00,330
6048,2026/03/29 23:00,323
6048,2026/03/30 00:00,310
6048,2026/03/30 01:00,339
6048,2026/03/30 02:00,339
6048,2026/03/30 03:00,309
6048,2026/03/30 04:00,284
6048,2026/03/30 05:00,257
6048,2026/03/30 06:00,250
6048,2026/03/30 07:00,262
6048,2026/03/30 08:00,281
6048,2026/03/30 09:00,288
6048,2026/03/30 10:00,246
6048,2026/03/30 11:00,247
6048,2026/03/30 12:00,234
6048,2026/03/30 13:00,226
6048,2026/03/30 14:00,239
6048,2026/03/30 15:00,281
6048,2026/03/30 16:00,337
6048,2026/03/30 17:00,347
6048,2026/03/30 18:00,356
6048,2026/03/30 19:00,344
6048,2026/03/30 20:00,323
6048,2026/03/30 21:00,313
6048,2026/03/30 22:00,327
6048,2026/03/30 23:00,341
6048,2026/03/31 00:00,15
6048,2026/03/31 01:00,327
6048,2026/03/31 02:00,6
6048,2026/03/31 03:00,15
6048,2026/03/31 04:00,318
6048,2026/03/31 05:00,300
6048,2026/03/31 06:00,327
6048,2026/03/31 07:00,353
6048,2026/03/31 08:00,318
6048,2026/03/31 09:00,333
6048,2026/03/31 10:00,325
6048,2026/03/31 11:00,355
6048,2026/03/31 12:00,356
6048,2026/03/31 13:00,355
6048,2026/03/31 14:00,360
6048,2026/03/31 15:00,350
6048,2026/03/31 16:00,358
6048,2026/03/31 17:00,360
6048,2026/03/31 18:00,354
6048,2026/03/31 19:00,356
6048,2026/03/31 20:00,354
6048,2026/03/31 21:00,350
6048,2026/03/31 22:00,357
6048,2026/03/31 23:00,4
6048,2026/04/01 00:00,358
6048,2026/04/01 01:00,348
6048,2026/04/01 02:00,344
6048,2026/04/01 03:00,326
6048,2026/04/01 04:00,318
6048,2026/04/01 05:00,351
6048,2026/04/01 06:00,336
6048,2026/04/01 07:00,334
6048,2026/04/01 08:00,5
6048,2026/04/01 09:00,4
6048,2026/04/01 10:00,9
6048,2026/04/01 11:00,34
6048,2026/04/01 12:00,76
6048,2026/04/01 13:00,94
6048,2026/04/01 14:00,51
6048,2026/04/01 15:00,45
6048,2026/04/01 16:00,50
6048,2026/04/01 17:00,237
6048,2026/04/01 18:00,183
6048,2026/04/01 19:00,192
6048,2026/04/01 20:00,202
6048,2026/04/01 21:00,220
6048,2026/04/01 22:00,208
6048,2026/04/01 23:00,197
6048,2026/04/02 00:00,343
6048,2026/04/02 01:00,349
6048,2026/04/02 02:00,319
6048,2026/04/02 03:00,-999
6048,2026/04/02 04:00,1
6048,2026/04/02 05:00,9
6048,2026/04/02 06:00,353
6048,2026/04/02 07:00,11
6048,2026/04/02 08:00,50
6048,2026/04/02 09:00,82
6048,2026/04/02 10:00,105
6048,2026/04/02 11:00,100
6048,2026/04/02 12:00,111
6048,2026/04/02 13:00,204
6048,2026/04/02 14:00,187
6048,2026/04/02 15:00,218
6048,2026/04/02 16:00,240
6048,2026/04/02 17:00,236
6048,2026/04/02 18:00,194
6048,2026/04/02 19:00,185
6048,2026/04/02 20:00,154
6048,2026/04/02 21:00,152
6048,2026/04/02 22:00,65
6048,2026/04/02 23:00,44
6048,2026/04/03 00:00,360
6048,2026/04/03 01:00,298
6048,2026/04/03 02:00,316
6048,2026/04/03 03:00,8
6048,2026/04/03 04:00,321
6048,2026/04/03 05:00,332
6048,2026/04/03 06:00,305
6048,2026/04/03 07:00,299
6048,2026/04/03 08:00,334
6048,2026/04/03 09:00,23
6048,2026/04/03 10:00,195
6048,2026/04/03 11:00,220
6048,2026/04/03 12:00,217
6048,2026/04/03 13:00,278
6048,2026/04/03 14:00,226
6048,2026/04/03 15:00,231
6048,2026/04/03 16:00,195
6048,2026/04/03 17:00,201
6048,2026/04/03 18:00,204
6048,2026/04/03 19:00,213
6048,2026/04/03 20:00,224
6048,2026/04/03 21:00,248
6048,2026/04/03 22:00,261
6048,2026/04/03 23:00,300
6048,2026/04/04 00:00,31
6048,2026/04/04 01:00,193
6048,2026/04/04 02:00,44
6048,2026/04/04 03:00,43
6048,2026/04/04 04:00,35
6048,2026/04/04 05:00,25
6048,2026/04/04 06:00,270
6048,2026/04/04 07:00,-999
6048,2026/04/04 08:00,49
6048,2026/04/04 09:00,79
6048,2026/04/04 10:00,86
6048,2026/04/04 11:00,93
6048,2026/04/04 12:00,88
6048,2026/04/04 13:00,105
6048,2026/04/04 14:00,70
6048,2026/04/04 15:00,91
6048,2026/04/04 16:00,105
6048,2026/04/04 17:00,128
6048,2026/04/04 18:00,117
6048,2026/04/04 19:00,100
6048,2026/04/04 20:00,92
6048,2026/04/04 21:00,90
6048,2026/04/04 22:00,90
6048,2026/04/04 23:00,59
6048,2026/04/05 00:00,64
6048,2026/04/05 01:00,48
6048,2026/04/05 02:00,36
6048,2026/04/05 03:00,49
6048,2026/04/05 04:00,51
6048,2026/04/05 05:00,38
6048,2026/04/05 06:00,8
6048,2026/04/05 07:00,300
6048,2026/04/05 08:00,307
6048,2026/04/05 09:00,-999
6048,2026/04/05 10:00,111
6048,2026/04/05 11:00,79
6048,2026/04/05 12:00,137
6048,2026/04/05 13:00,139
6048,2026/04/05 14:00,164
6048,2026/04/05 15:00,186
6048,2026/04/05 16:00,210
6048,2026/04/05 17:00,185
6048,2026/04/05 18:00,187
6048,2026/04/05 19:00,230
6048,2026/04/05 20:00,240
6048,2026/04/05 21:00,187
6048,2026/04/05 22:00,213
6048,2026/04/05 23:00,234
6048,2026/04/06 00:00,256
6048,2026/04/06 01:00,265
6048,2026/04/06 02:00,259
6048,2026/04/06 03:00,249
6048,2026/04/06 04:00,267
6048,2026/04/06 05:00,257
6048,2026/04/06 06:00,268
6048,2026/04/06 07:00,276
6048,2026/04/06 08:00,248
6048,2026/04/06 09:00,241
6048,2026/04/06 10:00,197
6048,2026/04/06 11:00,205
6048,2026/04/06 12:00,223
6048,2026/04/06 13:00,199
6048,2026/04/06 14:00,211
6048,2026/04/06 15:00,225
6048,2026/04/06 16:00,236
6048,2026/04/06 17:00,247
6048,2026/04/06 18:00,247
6048,2026/04/06 19:00,228
6048,2026/04/06 20:00,203
6048,2026/04/06 21:00,213
6048,2026/04/06 22:00,226
6048,2026/04/06 23:00,258
6048,2026/04/07 00:00,270
6048,2026/04/07 01:00,290
6048,2026/04/07 02:00,272
6048,2026/04/07 03:00,270
6048,2026/04/07 04:00,264
6048,2026/04/07 05:00,264
6048,2026/04/07 06:00,250
6048,2026/04/07 07:00,250
6048,2026/04/07 08:00,238
6048,2026/04/07 09:00,230
6048,2026/04/07 10:00,240
6048,2026/04/07 11:00,214
6048,2026/04/07 12:00,215
6048,2026/04/07 13:00,208
6048,2026/04/07 14:00,211
6048,2026/04/07 15:00,216
6048,2026/04/07 16:00,235
6048,2026/04/07 17:00,239
6048,2026/04/07 18:00,242
6048,2026/04/07 19:00,210
6048,2026/04/07 20:00,219
6048,2026/04/07 21:00,236
6048,2026/04/07 22:00,236
6048,2026/04/07 23:00,250
6048,2026/04/08 00:00,256
6048,2026/04/08 01:00,257
6048,2026/04/08 02:00,264
6048,2026/04/08 03:00,261
6048,2026/04/08 04:00,271
6048,2026/04/08 05:00,275
6048,2026/04/08 06:00,268
6048,2026/04/08 07:00,292
6048,2026/04/08 08:00,217
6048,2026/04/08 09:00,206
6048,2026/04/08 10:00,188
6048,2026/04/08 11:00,216
6048,2026/04/08 12:00,156
6048,2026/04/08 13:00,176
6048,2026/04/08 14:00,172
6048,2026/04/08 15:00,107
6048,2026/04/08 16:00,128
6048,2026/04/08 17:00,106
6048,2026/04/08 18:00,98
6048,2026/04/08 19:00,116
6048,2026/04/08 20:00,104
6048,2026/04/08 21:00,107
6048,2026/04/08 22:00,108
6048,2026/04/08 23:00,97
6048,2026/04/09 00:00,78
6048,2026/04/09 01:00,73
6048,2026/04/09 02:00,73
6048,2026/04/09 03:00,72
6048,2026/04/09 04:00,67
6048,2026/04/09 05:00,67
6048,2026/04/09 06:00,65
6048,2026/04/09 07:00,60
6048,2026/04/09 08:00,76
6048,2026/04/09 09:00,85
6048,2026/04/09 10:00,87
6048,2026/04/09 11:00,107
6048,2026/04/09 12:00,93
6048,2026/04/09 13:00,100
6048,2026/04/09 14:00,117
6048,2026/04/09 15:00,118
6048,2026/04/09 16:00,168
6048,2026/04/09 17:00,126
6048,2026/04/09 18:00,119
6048,2026/04/09 19:00,112
6048,2026/04/09 20:00,111
6048,2026/04/09 21:00,109
6048,2026/04/09 22:00,109
6048,2026/04/09 23:00,91
6048,2026/04/10 00:00,83
6048,2026/04/10 01:00,75
6048,2026/04/10 02:00,70
6048,2026/04/10 03:00,67
6048,2026/04/10 04:00,75
6048,2026/04/10 05:00,82
6048,2026/04/10 06:00,82
6048,2026/04/10 07:00,92
6048,2026/04/10 08:00,93
6048,2026/04/10 09:00,91
6048,2026/04/10 10:00,84
6048,2026/04/10 11:00,79
6048,2026/04/10 12:00,82
6048,2026/04/10 13:00,134
6048,2026/04/10 14:00,116
6048,2026/04/10 15:00,184
6048,2026/04/10 16:00,82
6048,2026/04/10 17:00,129
6048,2026/04/10 18:00,112
6048,2026/04/10 19:00,99
6048,2026/04/10 20:00,99
6048,2026/04/10 21:00,93
6048,2026/04/10 22:00,95
6048,2026/04/10 23:00,82
6048,2026/04/11 00:00,83
6048,2026/04/11 01:00,75
6048,2026/04/11 02:00,67
6048,2026/04/11 03:00,67
6048,2026/04/11 04:00,64
6048,2026/04/11 05:00,73
6048,2026/04/11 06:00,59
6048,2026/04/11 07:00,47
6048,2026/04/11 08:00,82
6048,2026/04/11 09:00,90
6048,2026/04/11 10:00,100
6048,2026/04/11 11:00,120
6048,2026/04/11 12:00,116
6048,2026/04/11 13:00,94
6048,2026/04/11 14:00,100
6048,2026/04/11 15:00,110
6048,2026/04/11 16:00,87
6048,2026/04/11 17:00,99
6048,2026/04/11 18:00,113
6048,2026/04/11 19:00,111
6048,2026/04/11 20:00,117
6048,2026/04/11 21:00,124
6048,2026/04/11 22:00,113
6048,2026/04/11 23:00,83
6048,2026/04/12 00:00,60
6048,2026/04/12 01:00,62
6048,2026/04/12 02:00,70
6048,2026/04/12 03:00,68
6048,2026/04/12 04:00,76
6048,2026/04/12 05:00,76
6048,2026/04/12 06:00,91
6048,2026/04/12 07:00,100
6048,2026/04/12 08:00,106
6048,2026/04/12 09:00,88
6048,2026/04/12 10:00,78
6048,2026/04/12 11:00,76
6048,2026/04/12 12:00,85
6048,2026/04/12 13:00,69
6048,2026/04/12 14:00,82
6048,2026/04/12 15:00,105
6048,2026/04/12 16:00,123
6048,2026/04/12 17:00,104
6048,2026/04/12 18:00,73
6048,2026/04/12 19:00,72
6048,2026/04/12 20:00,70
6048,2026/04/12 21:00,59
6048,2026/04/12 22:00,65
6048,2026/04/12 23:00,78
6048,2026/04/13 00:00,81
6048,2026/04/13 01:00,73
6048,2026/04/13 02:00,69
6048,2026/04/13 03:00,70
6048,2026/04/13 04:00,71
6048,2026/04/13 05:00,52
6048,2026/04/13 06:00,38
6048,2026/04/13 07:00,35
6048,2026/04/13 08:00,48
6048,2026/04/13 09:00,14
6048,2026/04/13 10:00,357
6048,2026/04/13 11:00,4
6048,2026/04/13 12:00,352
6048,2026/04/13 13:00,351
6048,2026/04/13 14:00,334
6048,2026/04/13 15:00,332
6048,2026/04/13 16:00,345
6048,2026/04/13 17:00,346
6048,2026/04/13 18:00,333
6048,2026/04/13 19:00,333
6048,2026/04/13 20:00,320
6048,2026/04/13 21:00,0
6048,2026/04/13 22:00,40
6048,2026/04/13 23:00,0
6048,2026/04/14 00:00,314
6048,2026/04/14 01:00,28
6048,2026/04/14 02:00,72
6048,2026/04/14 03:00,124
6048,2026/04/14 04:00,217
6048,2026/04/14 05:00,257
6048,2026/04/14 06:00,239
6048,2026/04/14 07:00,216
6048,2026/04/14 08:00,211
6048,2026/04/14 09:00,208
6048,2026/04/14 10:00,194
6048,2026/04/14 11:00,185
6048,2026/04/14 12:00,244
6048,2026/04/14 13:00,213
6048,2026/04/14 14:00,171
6048,2026/04/14 15:00,149
6048,2026/04/14 16:00,148
6048,2026/04/14 17:00,143
6048,2026/04/14 18:00,114
6048,2026/04/14 19:00,120
6048,2026/04/14 20:00,109
6048,2026/04/14 21:00,102
6048,2026/04/14 22:00,100
6048,2026/04/14 23:00,56
6048,2026/04/15 00:00,44
6048,2026/04/15 01:00,332
6048,2026/04/15 02:00,324
6048,2026/04/15 03:00,314
6048,2026/04/15 04:00,302
6048,2026/04/15 05:00,275
6048,2026/04/15 06:00,298
6048,2026/04/15 07:00,305
6048,2026/04/15 08:00,311
6048,2026/04/15 09:00,254
6048,2026/04/15 10:00,233
6048,2026/04/15 11:00,245
6048,2026/04/15 12:00,243
6048,2026/04/15 13:00,235
6048,2026/04/15 14:00,233
6048,2026/04/15 15:00,192
6048,2026/04/15 16:00,139
6048,2026/04/15 17:00,144
6048,2026/04/15 18:00,128
6048,2026/04/15 19:00,32
6048,2026/04/15 20:00,44
6048,2026/04/15 21:00,66
6048,2026/04/15 22:00,94
6048,2026/04/15 23:00,82
6048,2026/04/16 00:00,72
6048,2026/04/16 01:00,27
6048,2026/04/16 02:00,336
6048,2026/04/16 03:00,324
6048,2026/04/16 04:00,309
6048,2026/04/16 05:00,310
6048,2026/04/16 06:00,338
6048,2026/04/16 07:00,358
6048,2026/04/16 08:00,14
6048,2026/04/16 09:00,252
6048,2026/04/16 10:00,253
6048,2026/04/16 11:00,236
6048,2026/04/16 12:00,240
6048,2026/04/16 13:00,262
6048,2026/04/16 14:00,168
6048,2026/04/16 15:00,220
6048,2026/04/16 16:00,165
6048,2026/04/16 17:00,154
6048,2026/04/16 18:00,133
6048,2026/04/16 19:00,108
6048,2026/04/16 20:00,110
6048,2026/04/16 21:00,111
6048,2026/04/16 22:00,121
6048,2026/04/16 23:00,111
6048,2026/04/17 00:00,67
6048,2026/04/17 01:00,38
6048,2026/04/17 02:00,52
6048,2026/04/17 03:00,54
6048,2026/04/17 04:00,32
6048,2026/04/17 05:00,61
6048,2026/04/17 06:00,65
6048,2026/04/17 07:00,69
6048,2026/04/17 08:00,79
6048,2026/04/17 09:00,95
6048,2026/04/17 10:00,100
6048,2026/04/17 11:00,121
6048,2026/04/17 12:00,74
6048,2026/04/17 13:00,154
6048,2026/04/17 14:00,206
6048,2026/04/17 15:00,129
6048,2026/04/17 16:00,134
6048,2026/04/17 17:00,199
6048,2026/04/17 18:00,196
6048,2026/04/17 19:00,181
6048,2026/04/17 20:00,167
6048,2026/04/17 21:00,139
6048,2026/04/17 22:00,154
6048,2026/04/17 23:00,35
6048,2026/04/18 00:00,52
6048,2026/04/18 01:00,70
6048,2026/04/18 02:00,51
6048,2026/04/18 03:00,39
6048,2026/04/18 04:00,0
6048,2026/04/18 05:00,5
6048,2026/04/18 06:00,347
6048,2026/04/18 07:00,348
6048,2026/04/18 08:00,6
6048,2026/04/18 09:00,81
6048,2026/04/18 10:00,104
6048,2026/04/18 11:00,118
6048,2026/04/18 12:00,133
6048,2026/04/18 13:00,158
6048,2026/04/18 14:00,119
6048,2026/04/18 15:00,192
6048,2026/04/18 16:00,216
6048,2026/04/18 17:00,203
6048,2026/04/18 18:00,254
6048,2026/04/18 19:00,206
6048,2026/04/18 20:00,237
6048,2026/04/18 21:00,144
6048,2026/04/18 22:00,124
6048,2026/04/18 23:00,121
6048,2026/04/19 00:00,58
6048,2026/04/19 01:00,56
6048,2026/04/19 02:00,65
6048,2026/04/19 03:00,67
6048,2026/04/19 04:00,72
6048,2026/04/19 05:00,67
6048,2026/04/19 06:00,57
6048,2026/04/19 07:00,35
6048,2026/04/19 08:00,58
6048,2026/04/19 09:00,66
6048,2026/04/19 10:00,92
6048,2026/04/19 11:00,121
6048,2026/04/19 12:00,132
6048,2026/04/19 13:00,124
6048,2026/04/19 14:00,72
6048,2026/04/19 15:00,85
6048,2026/04/19 16:00,98
6048,2026/04/19 17:00,107
6048,2026/04/19 18:00,73
6048,2026/04/19 19:00,85
6048,2026/04/19 20:00,77
6048,2026/04/19 21:00,65
6048,2026/04/19 22:00,86
6048,2026/04/19 23:00,67
6048,2026/04/20 00:00,4
6048,2026/04/20 01:00,50
6048,2026/04/20 02:00,61
6048,2026/04/20 03:00,65
6048,2026/04/20 04:00,43
6048,2026/04/20 05:00,336
6048,2026/04/20 06:00,51
6048,2026/04/20 07:00,65
6048,2026/04/20 08:00,79
6048,2026/04/20 09:00,94
6048,2026/04/20 10:00,112
6048,2026/04/20 11:00,98
6048,2026/04/20 12:00,93
6048,2026/04/20 13:00,84
6048,2026/04/20 14:00,81
6048,2026/04/20 15:00,109
6048,2026/04/20 16:00,204
6048,2026/04/20 17:00,186
6048,2026/04/20 18:00,239
6048,2026/04/20 19:00,250
6048,2026/04/20 20:00,211
6048,2026/04/20 21:00,228
6048,2026/04/20 22:00,213
6048,2026/04/20 23:00,227
6048,2026/04/21 00:00,271
6048,2026/04/21 01:00,237
6048,2026/04/21 02:00,75
6048,2026/04/21 03:00,80
6048,2026/04/21 04:00,86
6048,2026/04/21 05:00,90
6048,2026/04/21 06:00,100
6048,2026/04/21 07:00,74
6048,2026/04/21 08:00,82
6048,2026/04/21 09:00,86
6048,2026/04/21 10:00,87
6048,2026/04/21 11:00,97
6048,2026/04/21 12:00,105
6048,2026/04/21 13:00,85
6048,2026/04/21 14:00,96
6048,2026/04/21 15:00,98
6048,2026/04/21 16:00,111
6048,2026/04/21 17:00,115
6048,2026/04/21 18:00,101
6048,2026/04/21 19:00,100
6048,2026/04/21 20:00,78
6048,2026/04/21 21:00,77
6048,2026/04/21 22:00,84
6048,2026/04/21 23:00,77
6048,2026/04/22 00:00,80
6048,2026/04/22 01:00,67
6048,2026/04/22 02:00,70
6048,2026/04/22 03:00,74
6048,2026/04/22 04:00,88
6048,2026/04/22 05:00,72
6048,2026/04/22 06:00,78
6048,2026/04/22 07:00,90
6048,2026/04/22 08:00,92
6048,2026/04/22 09:00,100
6048,2026/04/22 10:00,75
6048,2026/04/22 11:00,86
6048,2026/04/22 12:00,76
6048,2026/04/22 13:00,74
6048,2026/04/22 14:00,77
6048,2026/04/22 15:00,121
6048,2026/04/22 16:00,123
6048,2026/04/22 17:00,86
6048,2026/04/22 18:00,114
6048,2026/04/22 19:00,108
6048,2026/04/22 20:00,108
6048,2026/04/22 21:00,100
6048,2026/04/22 22:00,137
6048,2026/04/22 23:00,151
6048,2026/04/23 00:00,134
6048,2026/04/23 01:00,91
6048,2026/04/23 02:00,64
6048,2026/04/23 03:00,68
6048,2026/04/23 04:00,73
6048,2026/04/23 05:00,78
6048,2026/04/23 06:00,88
6048,2026/04/23 07:00,102
6048,2026/04/23 08:00,113
6048,2026/04/23 09:00,104
6048,2026/04/23 10:00,102
6048,2026/04/23 11:00,147
6048,2026/04/23 12:00,232
6048,2026/04/23 13:00,230
6048,2026/04/23 14:00,239
6048,2026/04/23 15:00,248
6048,2026/04/23 16:00,226
6048,2026/04/23 17:00,240
6048,2026/04/23 18:00,244
6048,2026/04/23 19:00,243
6048,2026/04/23 20:00,232
6048,2026/04/23 21:00,207
6048,2026/04/23 22:00,202
6048,2026/04/23 23:00,263
6048,2026/04/24 00:00,354
6048,2026/04/24 01:00,327
6048,2026/04/24 02:00,324
6048,2026/04/24 03:00,302
6048,2026/04/24 04:00,1
6048,2026/04/24 05:00,13
6048,2026/04/24 06:00,35
6048,2026/04/24 07:00,91
6048,2026/04/24 08:00,98
6048,2026/04/24 09:00,85
6048,2026/04/24 10:00,70
6048,2026/04/24 11:00,78
6048,2026/04/24 12:00,155
6048,2026/04/24 13:00,203
6048,2026/04/24 14:00,221
6048,2026/04/24 15:00,244
6048,2026/04/24 16:00,251
6048,2026/04/24 17:00,235
6048,2026/04/24 18:00,227
6048,2026/04/24 19:00,202
6048,2026/04/24 20:00,206
6048,2026/04/24 21:00,219
6048,2026/04/24 22:00,243
6048,2026/04/24 23:00,263
6048,2026/04/25 00:00,278
6048,2026/04/25 01:00,292
6048,2026/04/25 02:00,291
6048,2026/04/25 03:00,298
6048,2026/04/25 04:00,293
6048,2026/04/25 05:00,346
6048,2026/04/25 06:00,348
6048,2026/04/25 07:00,258
6048,2026/04/25 08:00,246
6048,2026/04/25 09:00,222
6048,2026/04/25 10:00,218
6048,2026/04/25 11:00,239
6048,2026/04/25 12:00,211
6048,2026/04/25 13:00,223
6048,2026/04/25 14:00,203
6048,2026/04/25 15:00,218
6048,2026/04/25 16:00,207
6048,2026/04/25 17:00,227
6048,2026/04/25 18:00,241
6048,2026/04/25 19:00,248
6048,2026/04/25 20:00,210
6048,2026/04/25 21:00,221
6048,2026/04/25 22:00,231
6048,2026/04/25 23:00,257
6048,2026/04/26 00:00,265
6048,2026/04/26 01:00,257
6048,2026/04/26 02:00,261
6048,2026/04/26 03:00,280
6048,2026/04/26 04:00,265
6048,2026/04/26 05:00,243
6048,2026/04/26 06:00,263
6048,2026/04/26 07:00,238
6048,2026/04/26 08:00,252
6048,2026/04/26 09:00,216
6048,2026/04/26 10:00,232
6048,2026/04/26 11:00,195
6048,2026/04/26 12:00,166
6048,2026/04/26 13:00,134
6048,2026/04/26 14:00,192
6048,2026/04/26 15:00,155
6048,2026/04/26 16:00,179
6048,2026/04/26 17:00,136
6048,2026/04/26 18:00,115
6048,2026/04/26 19:00,200
6048,2026/04/26 20:00,208
6048,2026/04/26 21:00,217
6048,2026/04/26 22:00,232
6048,2026/04/26 23:00,247
6048,2026/04/27 00:00,268
6048,2026/04/27 01:00,279
6048,2026/04/27 02:00,271
6048,2026/04/27 03:00,272
6048,2026/04/27 04:00,339
6048,2026/04/27 05:00,50
6048,2026/04/27 06:00,95
6048,2026/04/27 07:00,47
6048,2026/04/27 08:00,89
6048,2026/04/27 09:00,90
6048,2026/04/27 10:00,111
6048,2026/04/27 11:00,103
6048,2026/04/27 12:00,112
6048,2026/04/27 13:00,85
6048,2026/04/27 14:00,115
6048,2026/04/27 15:00,96
6048,2026/04/27 16:00,199
6048,2026/04/27 17:00,148
6048,2026/04/27 18:00,134
6048,2026/04/27 19:00,170
6048,2026/04/27 20:00,159
6048,2026/04/27 21:00,164
6048,2026/04/27 22:00,209
6048,2026/04/27 23:00,223
6048,2026/04/28 00:00,294
6048,2026/04/28 01:00,351
6048,2026/04/28 02:00,4
6048,2026/04/28 03:00,75
6048,2026/04/28 04:00,63
6048,2026/04/28 05:00,65
6048,2026/04/28 06:00,59
6048,2026/04/28 07:00,64
6048,2026/04/28 08:00,22
6048,2026/04/28 09:00,66
6048,2026/04/28 10:00,82
6048,2026/04/28 11:00,79
6048,2026/04/28 12:00,87
6048,2026/04/28 13:00,114
6048,2026/04/28 14:00,122
6048,2026/04/28 15:00,127
6048,2026/04/28 16:00,128
6048,2026/04/28 17:00,161
6048,2026/04/28 18:00,144
6048,2026/04/28 19:00,243
6048,2026/04/28 20:00,305
6048,2026/04/28 21:00,352
6048,2026/04/28 22:00,-999
6048,2026/04/28 23:00,355
6048,2026/04/29 00:00,42
6048,2026/04/29 01:00,34
6048,2026/04/29 02:00,49
6048,2026/04/29 03:00,55
6048,2026/04/29 04:00,68
6048,2026/04/29 05:00,89
6048,2026/04/29 06:00,49
6048,2026/04/29 07:00,42
6048,2026/04/29 08:00,85
6048,2026/04/29 09:00,103
6048,2026/04/29 10:00,64
6048,2026/04/29 11:00,72
6048,2026/04/29 12:00,85
6048,2026/04/29 13:00,84
6048,2026/04/29 14:00,112
6048,2026/04/29 15:00,123
6048,2026/04/29 16:00,281
6048,2026/04/29 17:00,58
6048,2026/04/29 18:00,76
6048,2026/04/29 19:00,85
6048,2026/04/29 20:00,94
6048,2026/04/29 21:00,87
6048,2026/04/29 22:00,94
6048,2026/04/29 23:00,103
6048,2026/04/30 00:00,88
6048,2026/04/30 01:00,88
6048,2026/04/30 02:00,81
6048,2026/04/30 03:00,76
6048,2026/04/30 04:00,79
6048,2026/04/30 05:00,71
6048,2026/04/30 06:00,80
6048,2026/04/30 07:00,85
6048,2026/04/30 08:00,94
6048,2026/04/30 09:00,89
6048,2026/04/30 10:00,78
6048,2026/04/30 11:00,84
6048,2026/04/30 12:00,65
6048,2026/04/30 13:00,80
6048,2026/04/30 14:00,85
6048,2026/04/30 15:00,87
6048,2026/04/30 16:00,86
6048,2026/04/30 17:00,66
6048,2026/04/30 18:00,93
6048,2026/04/30 19:00,91
6048,2026/04/30 20:00,114
6048,2026/04/30 21:00,115
6048,2026/04/30 22:00,123
6048,2026/04/30 23:00,120
6048,2026/05/01 00:00,85
6048,2026/05/01 01:00,71
6048,2026/05/01 02:00,65
6048,2026/05/01 03:00,66
6048,2026/05/01 04:00,62
6048,2026/05/01 05:00,57
6048,2026/05/01 06:00,61
6048,2026/05/01 07:00,73
6048,2026/05/01 08:00,88
6048,2026/05/01 09:00,89
6048,2026/05/01 10:00,78
6048,2026/05/01 11:00,100
6048,2026/05/01 12:00,81
6048,2026/05/01 13:00,59
6048,2026/05/01 14:00,73
6048,2026/05/01 15:00,30
6048,2026/05/01 16:00,68
6048,2026/05/01 17:00,350
6048,2026/05/01 18:00,133
6048,2026/05/01 19:00,155
6048,2026/05/01 20:00,167
6048,2026/05/01 21:00,185
6048,2026/05/01 22:00,188
6048,2026/05/01 23:00,165
6048,2026/05/02 00:00,343
6048,2026/05/02 01:00,11
6048,2026/05/02 02:00,50
6048,2026/05/02 03:00,54
6048,2026/05/02 04:00,48
6048,2026/05/02 05:00,35
6048,2026/05/02 06:00,55
6048,2026/05/02 07:00,87
6048,2026/05/02 08:00,105
6048,2026/05/02 09:00,97
6048,2026/05/02 10:00,118
6048,2026/05/02 11:00,129
6048,2026/05/02 12:00,204
6048,2026/05/02 13:00,238
6048,2026/05/02 14:00,193
6048,2026/05/02 15:00,194
6048,2026/05/02 16:00,222
6048,2026/05/02 17:00,235
6048,2026/05/02 18:00,255
6048,2026/05/02 19:00,267
6048,2026/05/02 20:00,261
6048,2026/05/02 21:00,265
6048,2026/05/02 22:00,10
6048,2026/05/02 23:00,358
6048,2026/05/03 00:00,338
6048,2026/05/03 01:00,348
6048,2026/05/03 02:00,338
6048,2026/05/03 03:00,316
6048,2026/05/03 04:00,299
6048,2026/05/03 05:00,299
6048,2026/05/03 06:00,337
6048,2026/05/03 07:00,351
6048,2026/05/03 08:00,296
6048,2026/05/03 09:00,201
6048,2026/05/03 10:00,166
6048,2026/05/03 11:00,193
6048,2026/05/03 12:00,207
6048,2026/05/03 13:00,210
6048,2026/05/03 14:00,245
6048,2026/05/03 15:00,230
6048,2026/05/03 16:00,267
6048,2026/05/03 17:00,254
6048,2026/05/03 18:00,267
6048,2026/05/03 19:00,234
6048,2026/05/03 20:00,239
6048,2026/05/03 21:00,232
6048,2026/05/03 22:00,251
6048,2026/05/03 23:00,255
6048,2026/05/04 00:00,258
6048,2026/05/04 01:00,267
6048,2026/05/04 02:00,298
6048,2026/05/04 03:00,287
6048,2026/05/04 04:00,264
6048,2026/05/04 05:00,263
6048,2026/05/04 06:00,278
6048,2026/05/04 07:00,303
6048,2026/05/04 08:00,281
6048,2026/05/04 09:00,282
6048,2026/05/04 10:00,265
6048,2026/05/04 11:00,236
6048,2026/05/04 12:00,262
6048,2026/05/04 13:00,249
6048,2026/05/04 14:00,261
6048,2026/05/04 15:00,273
6048,2026/05/04 16:00,248
6048,2026/05/04 17:00,272
6048,2026/05/04 18:00,277
6048,2026/05/04 19:00,272
6048,2026/05/04 20:00,264
6048,2026/05/04 21:00,236
6048,2026/05/04 22:00,239
6048,2026/05/04 23:00,246
6048,2026/05/05 00:00,257
6048,2026/05/05 01:00,256
6048,2026/05/05 02:00,256
6048,2026/05/05 03:00,267
6048,2026/05/05 04:00,281
6048,2026/05/05 05:00,273
6048,2026/05/05 06:00,249
6048,2026/05/05 07:00,235
6048,2026/05/05 08:00,257
6048,2026/05/05 09:00,4
6048,2026/05/05 10:00,59
6048,2026/05/05 11:00,353
6048,2026/05/05 12:00,7
6048,2026/05/05 13:00,45
6048,2026/05/05 14:00,48
6048,2026/05/05 15:00,73
6048,2026/05/05 16:00,81
6048,2026/05/05 17:00,76
6048,2026/05/05 18:00,82
6048,2026/05/05 19:00,79
6048,2026/05/05 20:00,81
6048,2026/05/05 21:00,106
6048,2026/05/05 22:00,72
6048,2026/05/05 23:00,52
6048,2026/05/06 00:00,68
6048,2026/05/06 01:00,91
6048,2026/05/06 02:00,104
6048,2026/05/06 03:00,86
6048,2026/05/06 04:00,98
6048,2026/05/06 05:00,98
6048,2026/05/06 06:00,102
6048,2026/05/06 07:00,88
6048,2026/05/06 08:00,95
6048,2026/05/06 09:00,93
6048,2026/05/06 10:00,116
6048,2026/05/06 11:00,98
6048,2026/05/06 12:00,99
6048,2026/05/06 13:00,101
6048,2026/05/06 14:00,99
6048,2026/05/06 15:00,105
6048,2026/05/06 16:00,107
6048,2026/05/06 17:00,358
6048,2026/05/06 18:00,11
6048,2026/05/06 19:00,4
6048,2026/05/06 20:00,324
6048,2026/05/06 21:00,33
6048,2026/05/06 22:00,8
6048,2026/05/06 23:00,338
6048,2026/05/07 00:00,354
6048,2026/05/07 01:00,358
6048,2026/05/07 02:00,266
6048,2026/05/07 03:00,301
6048,2026/05/07 04:00,346
6048,2026/05/07 05:00,348
6048,2026/05/07 06:00,350
6048,2026/05/07 07:00,317
6048,2026/05/07 08:00,265
6048,2026/05/07 09:00,292
6048,2026/05/07 10:00,258
6048,2026/05/07 11:00,243
6048,2026/05/07 12:00,249
6048,2026/05/07 13:00,243
6048,2026/05/07 14:00,234
6048,2026/05/07 15:00,235
6048,2026/05/07 16:00,223
6048,2026/05/07 17:00,199
6048,2026/05/07 18:00,243
6048,2026/05/07 19:00,209
6048,2026/05/07 20:00,203
6048,2026/05/07 21:00,201
6048,2026/05/07 22:00,223
6048,2026/05/07 23:00,232
6048,2026/05/08 00:00,334
6048,2026/05/08 01:00,336
6048,2026/05/08 02:00,35
6048,2026/05/08 03:00,66
6048,2026/05/08 04:00,68
6048,2026/05/08 05:00,62
6048,2026/05/08 06:00,68
6048,2026/05/08 07:00,65
6048,2026/05/08 08:00,122
6048,2026/05/08 09:00,100
6048,2026/05/08 10:00,93
6048,2026/05/08 11:00,98
6048,2026/05/08 12:00,100
6048,2026/05/08 13:00,124
6048,2026/05/08 14:00,107
6048,2026/05/08 15:00,102
6048,2026/05/08 16:00,124
6048,2026/05/08 17:00,285
6048,2026/05/08 18:00,334
6048,2026/05/08 19:00,319
6048,2026/05/08 20:00,305
6048,2026/05/08 21:00,295
6048,2026/05/08 22:00,291
6048,2026/05/08 23:00,311
6048,2026/05/09 00:00,324
6048,2026/05/09 01:00,340
6048,2026/05/09 02:00,301
6048,2026/05/09 03:00,303
6048,2026/05/09 04:00,5
6048,2026/05/09 05:00,316
6048,2026/05/09 06:00,341
6048,2026/05/09 07:00,301
6048,2026/05/09 08:00,315
6048,2026/05/09 09:00,78
6048,2026/05/09 10:00,88
6048,2026/05/09 11:00,271
6048,2026/05/09 12:00,264
6048,2026/05/09 13:00,137
6048,2026/05/09 14:00,205
6048,2026/05/09 15:00,213
6048,2026/05/09 16:00,218
6048,2026/05/09 17:00,214
6048,2026/05/09 18:00,198
6048,2026/05/09 19:00,191
6048,2026/05/09 20:00,229
6048,2026/05/09 21:00,232
6048,2026/05/09 22:00,157
6048,2026/05/09 23:00,202
6048,2026/05/10 00:00,42
6048,2026/05/10 01:00,60
6048,2026/05/10 02:00,69
6048,2026/05/10 03:00,68
6048,2026/05/10 04:00,79
6048,2026/05/10 05:00,67
6048,2026/05/10 06:00,110
6048,2026/05/10 07:00,187
6048,2026/05/10 08:00,230
6048,2026/05/10 09:00,351
6048,2026/05/10 10:00,329
6048,2026/05/10 11:00,40
6048,2026/05/10 12:00,28
6048,2026/05/10 13:00,35
6048,2026/05/10 14:00,6
6048,2026/05/10 15:00,20
6048,2026/05/10 16:00,45
6048,2026/05/10 17:00,62
6048,2026/05/10 18:00,54
6048,2026/05/10 19:00,43
6048,2026/05/10 20:00,34
6048,2026/05/10 21:00,47
6048,2026/05/10 22:00,39
6048,2026/05/10 23:00,44
6048,2026/05/11 00:00,53
6048,2026/05/11 01:00,39
6048,2026/05/11 02:00,334
6048,2026/05/11 03:00,62
6048,2026/05/11 04:00,65
6048,2026/05/11 05:00,75
6048,2026/05/11 06:00,101
6048,2026/05/11 07:00,99
6048,2026/05/11 08:00,106
6048,2026/05/11 09:00,114
6048,2026/05/11 10:00,123
6048,2026/05/11 11:00,150
6048,2026/05/11 12:00,194
6048,2026/05/11 13:00,191
6048,2026/05/11 14:00,230
6048,2026/05/11 15:00,233
6048,2026/05/11 16:00,264
6048,2026/05/11 17:00,324
6048,2026/05/11 18:00,353
6048,2026/05/11 19:00,353
6048,2026/05/11 20:00,71
6048,2026/05/11 21:00,86
6048,2026/05/11 22:00,59
6048,2026/05/11 23:00,73
6048,2026/05/12 00:00,44
6048,2026/05/12 01:00,354
6048,2026/05/12 02:00,343
6048,2026/05/12 03:00,311
6048,2026/05/12 04:00,306
6048,2026/05/12 05:00,266
6048,2026/05/12 06:00,277
6048,2026/05/12 07:00,270
6048,2026/05/12 08:00,266
6048,2026/05/12 09:00,334
6048,2026/05/12 10:00,338
6048,2026/05/12 11:00,349
6048,2026/05/12 12:00,359
6048,2026/05/12 13:00,357
6048,2026/05/12 14:00,13
6048,2026/05/12 15:00,5
6048,2026/05/12 16:00,9
6048,2026/05/12 17:00,5
6048,2026/05/12 18:00,3
6048,2026/05/12 19:00,2
6048,2026/05/12 20:00,2
6048,2026/05/12 21:00,9
6048,2026/05/12 22:00,44
6048,2026/05/12 23:00,73
6048,2026/05/13 00:00,77
6048,2026/05/13 01:00,64
6048,2026/05/13 02:00,73
6048,2026/05/13 03:00,67
6048,2026/05/13 04:00,85
6048,2026/05/13 05:00,58
6048,2026/05/13 06:00,48
6048,2026/05/13 07:00,58
6048,2026/05/13 08:00,63
6048,2026/05/13 09:00,90
6048,2026/05/13 10:00,96
6048,2026/05/13 11:00,97
6048,2026/05/13 12:00,105
6048,2026/05/13 13:00,86
6048,2026/05/13 14:00,102
6048,2026/05/13 15:00,84
6048,2026/05/13 16:00,136
6048,2026/05/13 17:00,136
6048,2026/05/13 18:00,190
6048,2026/05/13 19:00,122
6048,2026/05/13 20:00,166
6048,2026/05/13 21:00,142
6048,2026/05/13 22:00,136
6048,2026/05/13 23:00,136
6048,2026/05/14 00:00,126
6048,2026/05/14 01:00,196
6048,2026/05/14 02:00,333
6048,2026/05/14 03:00,59
6048,2026/05/14 04:00,68
6048,2026/05/14 05:00,82
6048,2026/05/14 06:00,86
6048,2026/05/14 07:00,96
6048,2026/05/14 08:00,107
6048,2026/05/14 09:00,114
6048,2026/05/14 10:00,111
6048,2026/05/14 11:00,158
6048,2026/05/14 12:00,155
6048,2026/05/14 13:00,292
6048,2026/05/14 14:00,3
6048,2026/05/14 15:00,358
6048,2026/05/14 16:00,34
6048,2026/05/14 17:00,95
6048,2026/05/14 18:00,77
6048,2026/05/14 19:00,90
6048,2026/05/14 20:00,98
6048,2026/05/14 21:00,303
6048,2026/05/14 22:00,80
6048,2026/05/14 23:00,45
6048,2026/05/15 00:00,256
6048,2026/05/15 01:00,342
6048,2026/05/15 02:00,20
6048,2026/05/15 03:00,101
6048,2026/05/15 04:00,60
6048,2026/05/15 05:00,36
6048,2026/05/15 06:00,16
6048,2026/05/15 07:00,60
6048,2026/05/15 08:00,79
6048,2026/05/15 09:00,89
6048,2026/05/15 10:00,67
6048,2026/05/15 11:00,98
6048,2026/05/15 12:00,74
6048,2026/05/15 13:00,68
6048,2026/05/15 14:00,74
6048,2026/05/15 15:00,74
6048,2026/05/15 16:00,107
6048,2026/05/15 17:00,87
6048,2026/05/15 18:00,101
6048,2026/05/15 19:00,125
6048,2026/05/15 20:00,132
6048,2026/05/15 21:00,213
6048,2026/05/15 22:00,264
6048,2026/05/15 23:00,256
6048,2026/05/16 00:00,279
