Samplingpoint,Pollutant,Start,End,Value,Unit,AggType,Validity,Verification,ResultTime,DataCapture,FkObservationLog
IT/SPO.IT0477A_6001_BETA_2022-01-01_00:00:00,6001,2026-03-01 00:00:00,2026-03-01 01:00:00,36.062183000000000000,ug.m-3,hour,3,3,2026-03-01 01:00:00,,9e664d80-8d0a-481e-82ca-112dac15e708
IT/SPO.IT0477A_6001_BETA_2022-01-01_00:00:00,6001,2026-03-01 01:00:00,2026-03-01 02:00:00,25.287216000000000000,ug.m-3,hour,3,3,2026-03-01 02:00:00,,1499e592-3c02-422b-8646-9dfc91309a4e
IT/SPO.IT0477A_6001_BETA_2022-01-01_00:00:00,6001,2026-03-01 02:00:00,2026-03-01 03:00:00,26.743391000000000000,ug.m-3,hour,3,3,2026-03-01 03:00:00,,ce0352c6-6450-4676-acd5-03581314f3f2
IT/SPO.IT0477A_6001_BETA_2022-01-01_00:00:00,6001,2026-03-01 03:00:00,2026-03-01 04:00:00,30.829412000000000000,ug.m-3,hour,3,3,2026-03-01 04:00:00,,d7edb6da-fdba-4913-b409-5fc4b3058c28
IT/SPO.IT0477A_6001_BETA_2022-01-01_00:00:00,6001,2026-03-01 04:00:00,2026-03-01 05:00:00,33.409030000000000000,ug.m-3,hour,3,3,2026-03-01 05:00:00,,c481d8a8-c512-4069-a081-8057f828c6ac
IT/SPO.IT0477A_6001_BETA_2022-01-01_00:00:00,6001,2026-03-01 05:00:00,2026-03-01 06:00:00,45.526115000000000000,ug.m-3,hour,3,3,2026-03-01 06:00:00,,ff77456f-1883-4de7-8b8d-c79ec9ba7225
IT/SPO.IT0477A_6001_BETA_2022-01-01_00:00:00,6001,2026-03-01 06:00:00,2026-03-01 07:00:00,45.983295000000000000,ug.m-3,hour,3,3,2026-03-01 07:00:00,,a3471123-1549-4ffa-bfcb-f1169a975346
IT/SPO.IT0477A_6001_BETA_2022-01-01_00:00:00,6001,2026-03-01 07:00:00,2026-03-01 08:00:00,47.228165000000000000,ug.m-3,hour,3,3,2026-03-01 08:00:00,,2eddad32-d362-4673-abcc-fa4d21736f3d
IT/SPO.IT0477A_6001_BETA_2022-01-01_00:00:00,6001,2026-03-01 08:00:00,2026-03-01 09:00:00,52.171500000000000000,ug.m-3,hour,3,3,2026-03-01 09:00:00,,ae18d675-af6f-43da-a9b8-353839662cd4
IT/SPO.IT0477A_6001_BETA_2022-01-01_00:00:00,6001,2026-03-01 09:00:00,2026-03-01 10:00:00,54.740850000000000000,ug.m-3,hour,3,3,2026-03-01 10:00:00,,49cdc5cc-18a0-4771-9b6f-3b2f54738081
IT/SPO.IT0477A_6001_BETA_2022-01-01_00:00:00,6001,2026-03-01 10:00:00,2026-03-01 11:00:00,46.948944000000000000,ug.m-3,hour,3,3,2026-03-01 11:00:00,,972efe7d-dc0d-4968-8c7f-002f1e0c8899
IT/SPO.IT0477A_6001_BETA_2022-01-01_00:00:00,6001,2026-03-01 11:00:00,2026-03-01 12:00:00,49.516650000000000000,ug.m-3,hour,3,3,2026-03-01 12:00:00,,8adda05c-3406-4b46-84a8-455626bb7a18
IT/SPO.IT0477A_6001_BETA_2022-01-01_00:00:00,6001,2026-03-01 12:00:00,2026-03-01 13:00:00,36.697163000000000000,ug.m-3,hour,3,3,2026-03-01 13:00:00,,c97ad275-ee2e-42c1-8bd5-ec0b8c7938c3
IT/SPO.IT0477A_6001_BETA_2022-01-01_00:00:00,6001,2026-03-01 13:00:00,2026-03-01 14:00:00,30.705128000000000000,ug.m-3,hour,3,3,2026-03-01 14:00:00,,44e8607e-df01-4513-9e26-03921d7ddd23
IT/SPO.IT0477A_6001_BETA_2022-01-01_00:00:00,6001,2026-03-01 14:00:00,2026-03-01 15:00:00,41.791103000000000000,ug.m-3,hour,3,3,2026-03-01 15:00:00,,7aa31cef-583e-4320-b025-66851abe72b9
IT/SPO.IT0477A_6001_BETA_2022-01-01_00:00:00,6001,2026-03-01 15:00:00,2026-03-01 16:00:00,34.493423000000000000,ug.m-3,hour,3,3,2026-03-01 16:00:00,,157c6de6-97d9-4f46-87d8-17ecfc117068
IT/SPO.IT0477A_6001_BETA_2022-01-01_00:00:00,6001,2026-03-01 16:00:00,2026-03-01 17:00:00,36.437520000000000000,ug.m-3,hour,3,3,2026-03-01 17:00:00,,6bc2fa02-0820-41e5-b98a-e72a3edf9edc
IT/SPO.IT0477A_6001_BETA_2022-01-01_00:00:00,6001,2026-03-01 17:00:00,2026-03-01 18:00:00,30.504715000000000000,ug.m-3,hour,3,3,2026-03-01 18:00:00,,ddb3d4ab-ca69-4b0e-99aa-5ba2c9249718
IT/SPO.IT0477A_6001_BETA_2022-01-01_00:00:00,6001,2026-03-01 18:00:00,2026-03-01 19:00:00,35.936275000000000000,ug.m-3,hour,3,3,2026-03-01 19:00:00,,564d5f33-007f-48b5-90ed-ae6306793400
IT/SPO.IT0477A_6001_BETA_2022-01-01_00:00:00,6001,2026-03-01 19:00:00,2026-03-01 20:00:00,35.706882000000000000,ug.m-3,hour,3,3,2026-03-01 20:00:00,,86ecc95d-65f3-4402-ab1d-e8ea22c4c9bb
IT/SPO.IT0477A_6001_BETA_2022-01-01_00:00:00,6001,2026-03-01 20:00:00,2026-03-01 21:00:00,53.832523000000000000,ug.m-3,hour,3,3,2026-03-01 21:00:00,,7771b107-f8d0-43bc-802c-bb9ed20495e1
IT/SPO.IT0477A_6001_BETA_2022-01-01_00:00:00,6001,2026-03-01 21:00:00,2026-03-01 22:00:00,43.494990000000000000,ug.m-3,hour,3,3,2026-03-01 22:00:00,,b3fc39c0-4537-4cb1-89a5-1d74b529ce16
IT/SPO.IT0477A_6001_BETA_2022-01-01_00:00:00,6001,2026-03-01 22:00:00,2026-03-01 23:00:00,47.779373000000000000,ug.m-3,hour,3,3,2026-03-01 23:00:00,,c3592d26-7815-4d55-af6c-1779fce58edf
IT/SPO.IT0477A_6001_BETA_2022-01-01_00:00:00,6001,2026-03-01 23:00:00,2026-03-02 00:00:00,42.489770000000000000,ug.m-3,hour,3,3,2026-03-02 00:00:00,,d3a0f59d-af4a-4630-98e4-3c28742aab4e
IT/SPO.IT0477A_6001_BETA_2022-01-01_00:00:00,6001,2026-03-02 00:00:00,2026-03-02 01:00:00,51.305275000000000000,ug.m-3,hour,3,3,2026-03-02 01:00:00,,c0e63ab4-de08-4b79-876a-9495c5ccc144
IT/SPO.IT0477A_6001_BETA_2022-01-01_00:00:00,6001,2026-03-02 01:00:00,2026-03-02 02:00:00,46.425392000000000000,ug.m-3,hour,3,3,2026-03-02 02:00:00,,cff71414-80ed-40b5-9a4a-578a7cd2189d
IT/SPO.IT0477A_6001_BETA_2022-01-01_00:00:00,6001,2026-03-02 02:00:00,2026-03-02 03:00:00,52.634945000000000000,ug.m-3,hour,3,3,2026-03-02 03:00:00,,e74f0495-d15f-4bf6-bb1c-d22bd6915265
IT/SPO.IT0477A_6001_BETA_2022-01-01_00:00:00,6001,2026-03-02 03:00:00,2026-03-02 04:00:00,48.046932000000000000,ug.m-3,hour,3,3,2026-03-02 04:00:00,,18cad322-d5a9-4cf5-8e18-075d6c4b2cb0
IT/SPO.IT0477A_6001_BETA_2022-01-01_00:00:00,6001,2026-03-02 04:00:00,2026-03-02 05:00:00,36.296900000000000000,ug.m-3,hour,3,3,2026-03-02 05:00:00,,fa3563cb-1395-43c8-84fe-c2977ccf2efa
IT/SPO.IT0477A_6001_BETA_2022-01-01_00:00:00,6001,2026-03-02 05:00:00,2026-03-02 06:00:00,45.597680000000000000,ug.m-3,hour,3,3,2026-03-02 06:00:00,,ddaa277f-347b-4d1e-8e2d-e367c62ed24d
IT/SPO.IT0477A_6001_BETA_2022-01-01_00:00:00,6001,2026-03-02 06:00:00,2026-03-02 07:00:00,37.363792000000000000,ug.m-3,hour,3,3,2026-03-02 07:00:00,,03aef69b-d89e-46e3-985e-c46d6ac9fa7a
IT/SPO.IT0477A_6001_BETA_2022-01-01_00:00:00,6001,2026-03-02 07:00:00,2026-03-02 08:00:00,40.284160000000000000,ug.m-3,hour,3,3,2026-03-02 08:00:00,,b253687a-efac-46d4-ae15-761691dd942d
IT/SPO.IT0477A_6001_BETA_2022-01-01_00:00:00,6001,2026-03-02 08:00:00,2026-03-02 09:00:00,40.489822000000000000,ug.m-3,hour,3,3,2026-03-02 09:00:00,,537b8a63-48b4-4a6b-9a7d-62e0ec78d1f3
IT/SPO.IT0477A_6001_BETA_2022-01-01_00:00:00,6001,2026-03-02 09:00:00,2026-03-02 10:00:00,46.056458000000000000,ug.m-3,hour,3,3,2026-03-02 10:00:00,,bea10670-afdf-4e61-83b9-4469caa7318c
IT/SPO.IT0477A_6001_BETA_2022-01-01_00:00:00,6001,2026-03-02 10:00:00,2026-03-02 11:00:00,45.126137000000000000,ug.m-3,hour,3,3,2026-03-02 11:00:00,,2ba95008-f5d2-4162-a181-f1bc150801d2
IT/SPO.IT0477A_6001_BETA_2022-01-01_00:00:00,6001,2026-03-02 11:00:00,2026-03-02 12:00:00,39.175890000000000000,ug.m-3,hour,3,3,2026-03-02 12:00:00,,ae661f00-240b-4ec6-9723-7162ed3abdee
IT/SPO.IT0477A_6001_BETA_2022-01-01_00:00:00,6001,2026-03-02 12:00:00,2026-03-02 13:00:00,33.955370000000000000,ug.m-3,hour,3,3,2026-03-02 13:00:00,,58ffbf74-093e-4000-a594-64aef5fdf4d1
IT/SPO.IT0477A_6001_BETA_2022-01-01_00:00:00,6001,2026-03-02 13:00:00,2026-03-02 14:00:00,31.637447000000000000,ug.m-3,hour,3,3,2026-03-02 14:00:00,,bf3d3abd-8f56-48e7-a3e6-e12b286f4b20
IT/SPO.IT0477A_6001_BETA_2022-01-01_00:00:00,6001,2026-03-02 14:00:00,2026-03-02 15:00:00,32.120384000000000000,ug.m-3,hour,3,3,2026-03-02 15:00:00,,40cf8e98-9a67-4555-b6cf-21856c29a5f7
IT/SPO.IT0477A_6001_BETA_2022-01-01_00:00:00,6001,2026-03-02 15:00:00,2026-03-02 16:00:00,25.965136000000000000,ug.m-3,hour,3,3,2026-03-02 16:00:00,,b20eaa5e-7c21-4fd5-9ec4-5cfccad7de5a
IT/SPO.IT0477A_6001_BETA_2022-01-01_00:00:00,6001,2026-03-02 16:00:00,2026-03-02 17:00:00,31.801483000000000000,ug.m-3,hour,3,3,2026-03-02 17:00:00,,16ac67d7-2077-41c6-8e54-f99340e1f706
IT/SPO.IT0477A_6001_BETA_2022-01-01_00:00:00,6001,2026-03-02 17:00:00,2026-03-02 18:00:00,36.669643000000000000,ug.m-3,hour,3,3,2026-03-02 19:00:00,,67cf340f-592d-4bd1-b99c-a74968d3035a
IT/SPO.IT0477A_6001_BETA_2022-01-01_00:00:00,6001,2026-03-02 18:00:00,2026-03-02 19:00:00,32.600994000000000000,ug.m-3,hour,3,3,2026-03-02 19:00:00,,67cf340f-592d-4bd1-b99c-a74968d3035a
IT/SPO.IT0477A_6001_BETA_2022-01-01_00:00:00,6001,2026-03-02 19:00:00,2026-03-02 20:00:00,33.381218000000000000,ug.m-3,hour,3,3,2026-03-02 20:00:00,,bf2bb29c-4417-4f90-a40b-40c48973d120
IT/SPO.IT0477A_6001_BETA_2022-01-01_00:00:00,6001,2026-03-02 20:00:00,2026-03-02 21:00:00,23.404364000000000000,ug.m-3,hour,3,3,2026-03-02 21:00:00,,959d5992-1816-4d45-a83a-689ac25af12e
IT/SPO.IT0477A_6001_BETA_2022-01-01_00:00:00,6001,2026-03-02 21:00:00,2026-03-02 22:00:00,34.772335000000000000,ug.m-3,hour,3,3,2026-03-02 22:00:00,,a0440e33-841c-42e1-b4b9-32a17ef9eb09
IT/SPO.IT0477A_6001_BETA_2022-01-01_00:00:00,6001,2026-03-02 22:00:00,2026-03-02 23:00:00,35.416912000000000000,ug.m-3,hour,3,3,2026-03-02 23:00:00,,bbea4dd2-fb99-4635-a5bf-a17d82719628
IT/SPO.IT0477A_6001_BETA_2022-01-01_00:00:00,6001,2026-03-02 23:00:00,2026-03-03 00:00:00,38.890724000000000000,ug.m-3,hour,3,3,2026-03-03 00:00:00,,c31f7109-4fc2-4243-9f84-0e3ff7371b99
IT/SPO.IT0477A_6001_BETA_2022-01-01_00:00:00,6001,2026-03-03 00:00:00,2026-03-03 01:00:00,27.223507000000000000,ug.m-3,hour,3,3,2026-03-03 01:00:00,,9eb99bf2-661d-490a-b78e-35c52ce39f82
IT/SPO.IT0477A_6001_BETA_2022-01-01_00:00:00,6001,2026-03-03 01:00:00,2026-03-03 02:00:00,34.327732000000000000,ug.m-3,hour,3,3,2026-03-03 02:00:00,,fdc0d34e-48c0-4ddd-84e0-8b1c2addb91a
IT/SPO.IT0477A_6001_BETA_2022-01-01_00:00:00,6001,2026-03-03 02:00:00,2026-03-03 03:00:00,35.252865000000000000,ug.m-3,hour,3,3,2026-03-03 03:00:00,,66c2b148-927e-4957-9b7d-a865775f477a
IT/SPO.IT0477A_6001_BETA_2022-01-01_00:00:00,6001,2026-03-03 03:00:00,2026-03-03 04:00:00,36.887860000000000000,ug.m-3,hour,3,3,2026-03-03 04:00:00,,301fc02e-b6ed-4edf-864a-e24b76ed223a
IT/SPO.IT0477A_6001_BETA_2022-01-01_00:00:00,6001,2026-03-03 04:00:00,2026-03-03 05:00:00,41.105724000000000000,ug.m-3,hour,3,3,2026-03-03 05:00:00,,28eab2d5-e837-46ae-b0e3-fa00e642c64f
IT/SPO.IT0477A_6001_BETA_2022-01-01_00:00:00,6001,2026-03-03 05:00:00,2026-03-03 06:00:00,39.344910000000000000,ug.m-3,hour,3,3,2026-03-03 06:00:00,,8dc366b2-1fb6-4a39-abe5-e9d8ffb91786
IT/SPO.IT0477A_6001_BETA_2022-01-01_00:00:00,6001,2026-03-03 06:00:00,2026-03-03 07:00:00,39.375263000000000000,ug.m-3,hour,3,3,2026-03-03 07:00:00,,f3a2012b-6465-4912-991e-a3bd4c3c3a42
IT/SPO.IT0477A_6001_BETA_2022-01-01_00:00:00,6001,2026-03-03 07:00:00,2026-03-03 08:00:00,38.800594000000000000,ug.m-3,hour,3,3,2026-03-03 08:00:00,,2d00b05e-5a48-424d-82cd-01dcb7353b4e
IT/SPO.IT0477A_6001_BETA_2022-01-01_00:00:00,6001,2026-03-03 08:00:00,2026-03-03 09:00:00,42.218550000000000000,ug.m-3,hour,3,3,2026-03-03 09:00:00,,0014afc0-e2b5-4977-bd82-a910fcb70b54
IT/SPO.IT0477A_6001_BETA_2022-01-01_00:00:00,6001,2026-03-03 09:00:00,2026-03-03 10:00:00,42.040386000000000000,ug.m-3,hour,3,3,2026-03-03 10:00:00,,40990910-d5c2-4480-9339-afe86a5f36b0
IT/SPO.IT0477A_6001_BETA_2022-01-01_00:00:00,6001,2026-03-03 10:00:00,2026-03-03 11:00:00,55.801586000000000000,ug.m-3,hour,3,3,2026-03-03 11:00:00,,0d89ba6d-b3c3-4307-8384-f676c5f0481f
IT/SPO.IT0477A_6001_BETA_2022-01-01_00:00:00,6001,2026-03-03 11:00:00,2026-03-03 12:00:00,36.520554000000000000,ug.m-3,hour,3,3,2026-03-03 12:00:00,,c4ddc717-2dc0-4b22-8458-ea1c8cfb16ba
IT/SPO.IT0477A_6001_BETA_2022-01-01_00:00:00,6001,2026-03-03 12:00:00,2026-03-03 13:00:00,36.217970000000000000,ug.m-3,hour,3,3,2026-03-03 13:00:00,,4d6a2958-fde5-400f-9618-6ab83accb935
IT/SPO.IT0477A_6001_BETA_2022-01-01_00:00:00,6001,2026-03-03 13:00:00,2026-03-03 14:00:00,37.439793000000000000,ug.m-3,hour,3,3,2026-03-03 14:00:00,,abd4628c-403f-40e5-821d-40d709500407
IT/SPO.IT0477A_6001_BETA_2022-01-01_00:00:00,6001,2026-03-03 14:00:00,2026-03-03 15:00:00,44.439285000000000000,ug.m-3,hour,3,3,2026-03-03 15:00:00,,2bce2142-bbad-44ef-9ab6-a2d5dd2cb6e3
IT/SPO.IT0477A_6001_BETA_2022-01-01_00:00:00,6001,2026-03-03 15:00:00,2026-03-03 16:00:00,37.522778000000000000,ug.m-3,hour,3,3,2026-03-03 16:00:00,,5972da75-dba1-47f0-9d9d-54f74342eb53
IT/SPO.IT0477A_6001_BETA_2022-01-01_00:00:00,6001,2026-03-03 16:00:00,2026-03-03 17:00:00,28.243483000000000000,ug.m-3,hour,3,3,2026-03-03 17:00:00,,e9c6b3bc-77d8-4837-9567-16a51b2818c1
IT/SPO.IT0477A_6001_BETA_2022-01-01_00:00:00,6001,2026-03-03 17:00:00,2026-03-03 18:00:00,24.450586000000000000,ug.m-3,hour,3,3,2026-03-03 18:00:00,,0322c181-d2b1-454e-a867-96cb12691938
IT/SPO.IT0477A_6001_BETA_2022-01-01_00:00:00,6001,2026-03-03 18:00:00,2026-03-03 19:00:00,26.642273000000000000,ug.m-3,hour,3,3,2026-03-03 20:00:00,,4e1b4a10-2267-44ce-9bb6-b00f53db0b10
IT/SPO.IT0477A_6001_BETA_2022-01-01_00:00:00,6001,2026-03-03 19:00:00,2026-03-03 20:00:00,34.278650000000000000,ug.m-3,hour,3,3,2026-03-03 20:00:00,,4e1b4a10-2267-44ce-9bb6-b00f53db0b10
IT/SPO.IT0477A_6001_BETA_2022-01-01_00:00:00,6001,2026-03-03 20:00:00,2026-03-03 21:00:00,29.505129000000000000,ug.m-3,hour,3,3,2026-03-03 21:00:00,,2bf3fa5c-bad1-4370-a54a-b8baaba397d7
IT/SPO.IT0477A_6001_BETA_2022-01-01_00:00:00,6001,2026-03-03 21:00:00,2026-03-03 22:00:00,38.207010000000000000,ug.m-3,hour,3,3,2026-03-03 22:00:00,,17f581bb-e74f-47d1-acaf-e0e1a1258ecd
IT/SPO.IT0477A_6001_BETA_2022-01-01_00:00:00,6001,2026-03-03 22:00:00,2026-03-03 23:00:00,37.722450000000000000,ug.m-3,hour,3,3,2026-03-03 23:00:00,,889e6244-62d1-4a54-8a16-5e6b6593da76
IT/SPO.IT0477A_6001_BETA_2022-01-01_00:00:00,6001,2026-03-03 23:00:00,2026-03-04 00:00:00,35.937687000000000000,ug.m-3,hour,3,3,2026-03-04 00:00:00,,b03ae21f-408d-4d4e-8038-726b2bcd1c2b
IT/SPO.IT0477A_6001_BETA_2022-01-01_00:00:00,6001,2026-03-04 00:00:00,2026-03-04 01:00:00,30.977587000000000000,ug.m-3,hour,3,3,2026-03-04 01:00:00,,9068cee9-2e57-4a00-b927-9c7d3d8d3884
IT/SPO.IT0477A_6001_BETA_2022-01-01_00:00:00,6001,2026-03-04 01:00:00,2026-03-04 02:00:00,39.255142000000000000,ug.m-3,hour,3,3,2026-03-04 02:00:00,,f8eee9bd-6642-43f4-8ee3-846778dda62e
IT/SPO.IT0477A_6001_BETA_2022-01-01_00:00:00,6001,2026-03-04 02:00:00,2026-03-04 03:00:00,36.325977000000000000,ug.m-3,hour,3,3,2026-03-04 03:00:00,,17d8177b-9d1b-4b03-b103-5db21266bb72
IT/SPO.IT0477A_6001_BETA_2022-01-01_00:00:00,6001,2026-03-04 03:00:00,2026-03-04 04:00:00,40.827270000000000000,ug.m-3,hour,3,3,2026-03-04 04:00:00,,5efc274c-2ddc-4b2b-a7f8-16b93e32ada2
IT/SPO.IT0477A_6001_BETA_2022-01-01_00:00:00,6001,2026-03-04 04:00:00,2026-03-04 05:00:00,43.951904000000000000,ug.m-3,hour,3,3,2026-03-04 05:00:00,,cfe891c1-d24a-4398-9b02-bbe6f928ad08
IT/SPO.IT0477A_6001_BETA_2022-01-01_00:00:00,6001,2026-03-04 05:00:00,2026-03-04 06:00:00,37.533360000000000000,ug.m-3,hour,3,3,2026-03-04 06:00:00,,9ddeb2cb-57e1-46dc-8050-d35b6c267cae
IT/SPO.IT0477A_6001_BETA_2022-01-01_00:00:00,6001,2026-03-04 06:00:00,2026-03-04 07:00:00,44.104200000000000000,ug.m-3,hour,3,3,2026-03-04 07:00:00,,fdb6e79d-76c7-490d-b509-a61a4567d8ee
IT/SPO.IT0477A_6001_BETA_2022-01-01_00:00:00,6001,2026-03-04 07:00:00,2026-03-04 08:00:00,42.365640000000000000,ug.m-3,hour,3,3,2026-03-04 08:00:00,,d13a2992-857a-42b0-989e-86e0bdbc2d4b
IT/SPO.IT0477A_6001_BETA_2022-01-01_00:00:00,6001,2026-03-04 08:00:00,2026-03-04 09:00:00,48.262430000000000000,ug.m-3,hour,3,3,2026-03-04 09:00:00,,dc68c5aa-e046-4401-abd5-cfe13b39dab4
IT/SPO.IT0477A_6001_BETA_2022-01-01_00:00:00,6001,2026-03-04 09:00:00,2026-03-04 10:00:00,57.014600000000000000,ug.m-3,hour,3,3,2026-03-04 10:00:00,,3cea0745-20a0-4bbd-85c3-786ad7236f3f
IT/SPO.IT0477A_6001_BETA_2022-01-01_00:00:00,6001,2026-03-04 10:00:00,2026-03-04 11:00:00,52.847588000000000000,ug.m-3,hour,3,3,2026-03-05 10:00:00,,5d45b245-0445-41ef-994f-5fe845711bf2
IT/SPO.IT0477A_6001_BETA_2022-01-01_00:00:00,6001,2026-03-04 11:00:00,2026-03-04 12:00:00,48.842010000000000000,ug.m-3,hour,3,3,2026-03-05 10:00:00,,5d45b245-0445-41ef-994f-5fe845711bf2
IT/SPO.IT0477A_6001_BETA_2022-01-01_00:00:00,6001,2026-03-04 12:00:00,2026-03-04 13:00:00,48.787150000000000000,ug.m-3,hour,3,3,2026-03-05 10:00:00,,5d45b245-0445-41ef-994f-5fe845711bf2
IT/SPO.IT0477A_6001_BETA_2022-01-01_00:00:00,6001,2026-03-04 13:00:00,2026-03-04 14:00:00,48.882122000000000000,ug.m-3,hour,3,3,2026-03-05 10:00:00,,5d45b245-0445-41ef-994f-5fe845711bf2
IT/SPO.IT0477A_6001_BETA_2022-01-01_00:00:00,6001,2026-03-04 14:00:00,2026-03-04 15:00:00,45.261040000000000000,ug.m-3,hour,3,3,2026-03-05 10:00:00,,5d45b245-0445-41ef-994f-5fe845711bf2
IT/SPO.IT0477A_6001_BETA_2022-01-01_00:00:00,6001,2026-03-04 15:00:00,2026-03-04 16:00:00,50.160860000000000000,ug.m-3,hour,3,3,2026-03-05 10:00:00,,5d45b245-0445-41ef-994f-5fe845711bf2
IT/SPO.IT0477A_6001_BETA_2022-01-01_00:00:00,6001,2026-03-04 16:00:00,2026-03-04 17:00:00,42.455307000000000000,ug.m-3,hour,3,3,2026-03-05 10:00:00,,5d45b245-0445-41ef-994f-5fe845711bf2
IT/SPO.IT0477A_6001_BETA_2022-01-01_00:00:00,6001,2026-03-04 17:00:00,2026-03-04 18:00:00,45.197674000000000000,ug.m-3,hour,3,3,2026-03-05 10:00:00,,5d45b245-0445-41ef-994f-5fe845711bf2
IT/SPO.IT0477A_6001_BETA_2022-01-01_00:00:00,6001,2026-03-04 18:00:00,2026-03-04 19:00:00,38.451912000000000000,ug.m-3,hour,3,3,2026-03-05 10:00:00,,5d45b245-0445-41ef-994f-5fe845711bf2
IT/SPO.IT0477A_6001_BETA_2022-01-01_00:00:00,6001,2026-03-04 19:00:00,2026-03-04 20:00:00,45.722885000000000000,ug.m-3,hour,3,3,2026-03-05 10:00:00,,5d45b245-0445-41ef-994f-5fe845711bf2
IT/SPO.IT0477A_6001_BETA_2022-01-01_00:00:00,6001,2026-03-04 20:00:00,2026-03-04 21:00:00,41.015760000000000000,ug.m-3,hour,3,3,2026-03-05 10:00:00,,5d45b245-0445-41ef-994f-5fe845711bf2
IT/SPO.IT0477A_6001_BETA_2022-01-01_00:00:00,6001,2026-03-04 21:00:00,2026-03-04 22:00:00,47.761253000000000000,ug.m-3,hour,3,3,2026-03-05 10:00:00,,5d45b245-0445-41ef-994f-5fe845711bf2
IT/SPO.IT0477A_6001_BETA_2022-01-01_00:00:00,6001,2026-03-04 22:00:00,2026-03-04 23:00:00,44.242960000000000000,ug.m-3,hour,3,3,2026-03-05 10:00:00,,5d45b245-0445-41ef-994f-5fe845711bf2
IT/SPO.IT0477A_6001_BETA_2022-01-01_00:00:00,6001,2026-03-04 23:00:00,2026-03-05 00:00:00,46.947792000000000000,ug.m-3,hour,3,3,2026-03-05 10:00:00,,5d45b245-0445-41ef-994f-5fe845711bf2
IT/SPO.IT0477A_6001_BETA_2022-01-01_00:00:00,6001,2026-03-05 00:00:00,2026-03-05 01:00:00,43.760983000000000000,ug.m-3,hour,3,3,2026-03-05 10:00:00,,5d45b245-0445-41ef-994f-5fe845711bf2
IT/SPO.IT0477A_6001_BETA_2022-01-01_00:00:00,6001,2026-03-05 01:00:00,2026-03-05 02:00:00,41.654060000000000000,ug.m-3,hour,3,3,2026-03-05 10:00:00,,5d45b245-0445-41ef-994f-5fe845711bf2
IT/SPO.IT0477A_6001_BETA_2022-01-01_00:00:00,6001,2026-03-05 02:00:00,2026-03-05 03:00:00,34.165283000000000000,ug.m-3,hour,3,3,2026-03-05 10:00:00,,5d45b245-0445-41ef-994f-5fe845711bf2
IT/SPO.IT0477A_6001_BETA_2022-01-01_00:00:00,6001,2026-03-05 03:00:00,2026-03-05 04:00:00,43.158913000000000000,ug.m-3,hour,3,3,2026-03-05 10:00:00,,5d45b245-0445-41ef-994f-5fe845711bf2
IT/SPO.IT0477A_6001_BETA_2022-01-01_00:00:00,6001,2026-03-05 04:00:00,2026-03-05 05:00:00,43.702885000000000000,ug.m-3,hour,3,3,2026-03-05 10:00:00,,5d45b245-0445-41ef-994f-5fe845711bf2
IT/SPO.IT0477A_6001_BETA_2022-01-01_00:00:00,6001,2026-03-05 05:00:00,2026-03-05 06:00:00,47.821100000000000000,ug.m-3,hour,3,3,2026-03-05 10:00:00,,5d45b245-0445-41ef-994f-5fe845711bf2
IT/SPO.IT0477A_6001_BETA_2022-01-01_00:00:00,6001,2026-03-05 06:00:00,2026-03-05 07:00:00,39.584020000000000000,ug.m-3,hour,3,3,2026-03-05 10:00:00,,5d45b245-0445-41ef-994f-5fe845711bf2
IT/SPO.IT0477A_6001_BETA_2022-01-01_00:00:00,6001,2026-03-05 07:00:00,2026-03-05 08:00:00,38.312960000000000000,ug.m-3,hour,3,3,2026-03-05 10:00:00,,5d45b245-0445-41ef-994f-5fe845711bf2
IT/SPO.IT0477A_6001_BETA_2022-01-01_00:00:00,6001,2026-03-05 08:00:00,2026-03-05 09:00:00,39.072235000000000000,ug.m-3,hour,3,3,2026-03-05 10:00:00,,5d45b245-0445-41ef-994f-5fe845711bf2
IT/SPO.IT0477A_6001_BETA_2022-01-01_00:00:00,6001,2026-03-05 09:00:00,2026-03-05 10:00:00,37.933890000000000000,ug.m-3,hour,3,3,2026-03-05 10:00:00,,5d45b245-0445-41ef-994f-5fe845711bf2
IT/SPO.IT0477A_6001_BETA_2022-01-01_00:00:00,6001,2026-03-05 10:00:00,2026-03-05 11:00:00,47.944126000000000000,ug.m-3,hour,3,3,2026-03-05 11:00:00,,1effff46-8acf-4544-8004-eeda10ae5121
IT/SPO.IT0477A_6001_BETA_2022-01-01_00:00:00,6001,2026-03-05 11:00:00,2026-03-05 12:00:00,43.054398000000000000,ug.m-3,hour,3,3,2026-03-05 12:00:00,,4dd670d7-7df9-44f8-8d49-1e130fbefb71
IT/SPO.IT0477A_6001_BETA_2022-01-01_00:00:00,6001,2026-03-05 12:00:00,2026-03-05 13:00:00,43.666378000000000000,ug.m-3,hour,3,3,2026-03-05 13:00:00,,e02df93f-802a-42af-a1fd-89b17956c087
IT/SPO.IT0477A_6001_BETA_2022-01-01_00:00:00,6001,2026-03-05 13:00:00,2026-03-05 14:00:00,42.888718000000000000,ug.m-3,hour,3,3,2026-03-05 14:00:00,,3044f6e3-8586-4778-9749-3a6ee62ddd9b
IT/SPO.IT0477A_6001_BETA_2022-01-01_00:00:00,6001,2026-03-05 14:00:00,2026-03-05 15:00:00,49.205322000000000000,ug.m-3,hour,3,3,2026-03-05 15:00:00,,81818ede-827a-4f62-bb44-2099232d6668
IT/SPO.IT0477A_6001_BETA_2022-01-01_00:00:00,6001,2026-03-05 15:00:00,2026-03-05 16:00:00,41.487210000000000000,ug.m-3,hour,3,3,2026-03-05 16:00:00,,62bd2141-ce56-4ff8-a14b-750252546da9
IT/SPO.IT0477A_6001_BETA_2022-01-01_00:00:00,6001,2026-03-05 16:00:00,2026-03-05 17:00:00,44.091007000000000000,ug.m-3,hour,3,3,2026-03-05 18:00:00,,7a1a5298-faeb-48d3-9116-3335e3b25425
IT/SPO.IT0477A_6001_BETA_2022-01-01_00:00:00,6001,2026-03-05 17:00:00,2026-03-05 18:00:00,49.435450000000000000,ug.m-3,hour,3,3,2026-03-05 18:00:00,,7a1a5298-faeb-48d3-9116-3335e3b25425
IT/SPO.IT0477A_6001_BETA_2022-01-01_00:00:00,6001,2026-03-05 18:00:00,2026-03-05 19:00:00,52.713980000000000000,ug.m-3,hour,3,3,2026-03-05 19:00:00,,41d69a3b-e235-4634-a628-0ef737fe44d7
IT/SPO.IT0477A_6001_BETA_2022-01-01_00:00:00,6001,2026-03-05 19:00:00,2026-03-05 20:00:00,42.516945000000000000,ug.m-3,hour,3,3,2026-03-05 20:00:00,,3747bbad-daf1-41c6-98db-1a120fe9c272
IT/SPO.IT0477A_6001_BETA_2022-01-01_00:00:00,6001,2026-03-05 20:00:00,2026-03-05 21:00:00,47.952150000000000000,ug.m-3,hour,3,3,2026-03-05 21:00:00,,9338e94c-f9fe-4ed9-b71b-4604b571e66e
IT/SPO.IT0477A_6001_BETA_2022-01-01_00:00:00,6001,2026-03-05 21:00:00,2026-03-05 22:00:00,46.009100000000000000,ug.m-3,hour,3,3,2026-03-05 22:00:00,,b13b1390-02f6-42ed-8ff4-b53fef2b0ee6
IT/SPO.IT0477A_6001_BETA_2022-01-01_00:00:00,6001,2026-03-05 22:00:00,2026-03-05 23:00:00,46.659863000000000000,ug.m-3,hour,3,3,2026-03-05 23:00:00,,56c7db14-ba20-4e0f-8f69-c33955de0b81
IT/SPO.IT0477A_6001_BETA_2022-01-01_00:00:00,6001,2026-03-05 23:00:00,2026-03-06 00:00:00,42.468338000000000000,ug.m-3,hour,3,3,2026-03-06 00:00:00,,4fb5cb59-d310-4f23-a940-3121b97436ca
IT/SPO.IT0477A_6001_BETA_2022-01-01_00:00:00,6001,2026-03-06 00:00:00,2026-03-06 01:00:00,48.548020000000000000,ug.m-3,hour,3,3,2026-03-06 01:00:00,,eeede7d3-e382-44b0-9c89-0237eba79c73
IT/SPO.IT0477A_6001_BETA_2022-01-01_00:00:00,6001,2026-03-06 01:00:00,2026-03-06 02:00:00,50.807600000000000000,ug.m-3,hour,3,3,2026-03-06 02:00:00,,c24838e4-0f2e-4753-9305-37115ca24a82
IT/SPO.IT0477A_6001_BETA_2022-01-01_00:00:00,6001,2026-03-06 02:00:00,2026-03-06 03:00:00,44.958565000000000000,ug.m-3,hour,3,3,2026-03-06 03:00:00,,a256205c-a324-4936-979d-51ca57b99249
IT/SPO.IT0477A_6001_BETA_2022-01-01_00:00:00,6001,2026-03-06 03:00:00,2026-03-06 04:00:00,51.892048000000000000,ug.m-3,hour,3,3,2026-03-06 04:00:00,,c57f5b7f-0361-41fa-9989-08291717d7e4
IT/SPO.IT0477A_6001_BETA_2022-01-01_00:00:00,6001,2026-03-06 04:00:00,2026-03-06 05:00:00,48.605860000000000000,ug.m-3,hour,3,3,2026-03-06 05:00:00,,04c5a5a2-f19b-452e-b558-ca061ce3e103
IT/SPO.IT0477A_6001_BETA_2022-01-01_00:00:00,6001,2026-03-06 05:00:00,2026-03-06 06:00:00,49.080980000000000000,ug.m-3,hour,3,3,2026-03-06 06:00:00,,55fd0263-3ea0-4261-97e0-cf5297f6d476
IT/SPO.IT0477A_6001_BETA_2022-01-01_00:00:00,6001,2026-03-06 06:00:00,2026-03-06 07:00:00,55.924080000000000000,ug.m-3,hour,3,3,2026-03-06 07:00:00,,ecdf37cd-7fe3-48f7-b71c-08ee8c04c524
IT/SPO.IT0477A_6001_BETA_2022-01-01_00:00:00,6001,2026-03-06 07:00:00,2026-03-06 08:00:00,57.823444000000000000,ug.m-3,hour,3,3,2026-03-06 08:00:00,,6ad128f0-ab90-4199-bd89-15c4356360f2
IT/SPO.IT0477A_6001_BETA_2022-01-01_00:00:00,6001,2026-03-06 08:00:00,2026-03-06 09:00:00,59.530410000000000000,ug.m-3,hour,3,3,2026-03-06 09:00:00,,8c9c1438-3347-407f-b9f2-0b61dead0a03
IT/SPO.IT0477A_6001_BETA_2022-01-01_00:00:00,6001,2026-03-06 09:00:00,2026-03-06 10:00:00,51.484060000000000000,ug.m-3,hour,3,3,2026-03-06 10:00:00,,6323db59-1bcb-472a-bfb1-ee32b62bac36
IT/SPO.IT0477A_6001_BETA_2022-01-01_00:00:00,6001,2026-03-06 10:00:00,2026-03-06 11:00:00,54.520412000000000000,ug.m-3,hour,3,3,2026-03-06 11:00:00,,39b3be3e-f2e9-46cb-9319-4a792ce39f2b
IT/SPO.IT0477A_6001_BETA_2022-01-01_00:00:00,6001,2026-03-06 11:00:00,2026-03-06 12:00:00,54.607100000000000000,ug.m-3,hour,3,3,2026-03-06 12:00:00,,703d2643-870a-4e88-a6b1-40f152c6de62
IT/SPO.IT0477A_6001_BETA_2022-01-01_00:00:00,6001,2026-03-06 12:00:00,2026-03-06 13:00:00,51.809870000000000000,ug.m-3,hour,3,3,2026-03-06 13:00:00,,2226f696-7442-4694-b15f-90ea5b1ab5cf
IT/SPO.IT0477A_6001_BETA_2022-01-01_00:00:00,6001,2026-03-06 13:00:00,2026-03-06 14:00:00,45.190884000000000000,ug.m-3,hour,3,3,2026-03-06 14:00:00,,41bb343c-f276-45f7-b7fe-05c2b46b85b6
IT/SPO.IT0477A_6001_BETA_2022-01-01_00:00:00,6001,2026-03-06 14:00:00,2026-03-06 15:00:00,43.727350000000000000,ug.m-3,hour,3,3,2026-03-06 15:00:00,,ae29c38d-cb8a-4fb9-be6e-c24e7a05e46e
IT/SPO.IT0477A_6001_BETA_2022-01-01_00:00:00,6001,2026-03-06 15:00:00,2026-03-06 16:00:00,39.839940000000000000,ug.m-3,hour,3,3,2026-03-06 16:00:00,,ee8aadfc-2d76-47ad-8d8b-252344137f4b
IT/SPO.IT0477A_6001_BETA_2022-01-01_00:00:00,6001,2026-03-06 16:00:00,2026-03-06 17:00:00,39.337845000000000000,ug.m-3,hour,3,3,2026-03-07 09:00:00,,57194d57-f103-4dde-9190-9a88ab234090
IT/SPO.IT0477A_6001_BETA_2022-01-01_00:00:00,6001,2026-03-06 17:00:00,2026-03-06 18:00:00,35.820553000000000000,ug.m-3,hour,3,3,2026-03-06 18:00:00,,6342e3b3-f0c8-40bf-b410-b90441f25dc9
IT/SPO.IT0477A_6001_BETA_2022-01-01_00:00:00,6001,2026-03-06 18:00:00,2026-03-06 19:00:00,29.017233000000000000,ug.m-3,hour,3,3,2026-03-06 19:00:00,,d370e034-a583-42c3-9f92-bd72469c5d47
IT/SPO.IT0477A_6001_BETA_2022-01-01_00:00:00,6001,2026-03-06 19:00:00,2026-03-06 20:00:00,32.631435000000000000,ug.m-3,hour,3,3,2026-03-06 20:00:00,,31f53060-dc51-49cc-b87a-ead33f078eb3
IT/SPO.IT0477A_6001_BETA_2022-01-01_00:00:00,6001,2026-03-06 20:00:00,2026-03-06 21:00:00,33.406902000000000000,ug.m-3,hour,3,3,2026-03-06 21:00:00,,ca138c9c-3313-42fa-8c7f-20ac46d658f3
IT/SPO.IT0477A_6001_BETA_2022-01-01_00:00:00,6001,2026-03-06 21:00:00,2026-03-06 22:00:00,45.691784000000000000,ug.m-3,hour,3,3,2026-03-06 22:00:00,,38ce52e9-564e-4d39-8aa8-fce45d185777
IT/SPO.IT0477A_6001_BETA_2022-01-01_00:00:00,6001,2026-03-06 22:00:00,2026-03-06 23:00:00,47.720264000000000000,ug.m-3,hour,3,3,2026-03-06 23:00:00,,479da5ca-a8e0-431d-90d4-a8e1fbe79747
IT/SPO.IT0477A_6001_BETA_2022-01-01_00:00:00,6001,2026-03-06 23:00:00,2026-03-07 00:00:00,46.642162000000000000,ug.m-3,hour,3,3,2026-03-07 00:00:00,,7426938d-ce4a-4e52-b079-8394cbc76f86
IT/SPO.IT0477A_6001_BETA_2022-01-01_00:00:00,6001,2026-03-07 00:00:00,2026-03-07 01:00:00,48.329056000000000000,ug.m-3,hour,3,3,2026-03-07 01:00:00,,464f4c7d-6698-4fad-9f6b-e26a0d2d0d04
IT/SPO.IT0477A_6001_BETA_2022-01-01_00:00:00,6001,2026-03-07 01:00:00,2026-03-07 02:00:00,44.141506000000000000,ug.m-3,hour,3,3,2026-03-07 02:00:00,,cce2c192-122c-4f3e-bcc6-d2f9e0003cd6
IT/SPO.IT0477A_6001_BETA_2022-01-01_00:00:00,6001,2026-03-07 02:00:00,2026-03-07 03:00:00,50.078120000000000000,ug.m-3,hour,3,3,2026-03-07 03:00:00,,02652b75-8014-491d-8521-d1801a4f1970
IT/SPO.IT0477A_6001_BETA_2022-01-01_00:00:00,6001,2026-03-07 03:00:00,2026-03-07 04:00:00,56.562866000000000000,ug.m-3,hour,3,3,2026-03-07 04:00:00,,fb895ee0-0d38-4b0b-a668-8046f00ca782
IT/SPO.IT0477A_6001_BETA_2022-01-01_00:00:00,6001,2026-03-07 04:00:00,2026-03-07 05:00:00,48.491570000000000000,ug.m-3,hour,3,3,2026-03-07 05:00:00,,afc911e6-c973-46a6-8748-b076c2d743c8
IT/SPO.IT0477A_6001_BETA_2022-01-01_00:00:00,6001,2026-03-07 05:00:00,2026-03-07 06:00:00,50.415930000000000000,ug.m-3,hour,3,3,2026-03-07 06:00:00,,37fc9768-3432-4a15-b3db-3b5bb45914f8
IT/SPO.IT0477A_6001_BETA_2022-01-01_00:00:00,6001,2026-03-07 06:00:00,2026-03-07 07:00:00,55.072105000000000000,ug.m-3,hour,3,3,2026-03-07 07:00:00,,8c0b1656-9177-49ea-a08c-7051965d2db3
IT/SPO.IT0477A_6001_BETA_2022-01-01_00:00:00,6001,2026-03-07 07:00:00,2026-03-07 08:00:00,48.488155000000000000,ug.m-3,hour,3,3,2026-03-07 08:00:00,,f60d1d32-9f4c-4cd8-be8b-91a1e4a348d4
IT/SPO.IT0477A_6001_BETA_2022-01-01_00:00:00,6001,2026-03-07 08:00:00,2026-03-07 09:00:00,51.253930000000000000,ug.m-3,hour,3,3,2026-03-07 09:00:00,,57194d57-f103-4dde-9190-9a88ab234090
IT/SPO.IT0477A_6001_BETA_2022-01-01_00:00:00,6001,2026-03-07 09:00:00,2026-03-07 10:00:00,51.481606000000000000,ug.m-3,hour,3,3,2026-03-07 10:00:00,,ef615880-3272-4b4b-919f-a45526025380
IT/SPO.IT0477A_6001_BETA_2022-01-01_00:00:00,6001,2026-03-07 10:00:00,2026-03-07 11:00:00,50.800034000000000000,ug.m-3,hour,3,3,2026-03-07 11:00:00,,b44986e5-a3a6-459a-b271-3adcc60b7cc8
IT/SPO.IT0477A_6001_BETA_2022-01-01_00:00:00,6001,2026-03-07 11:00:00,2026-03-07 12:00:00,53.710693000000000000,ug.m-3,hour,3,3,2026-03-07 12:00:00,,d6150bd9-1d7c-4cd2-b7d2-d6bc9ea6c9b1
IT/SPO.IT0477A_6001_BETA_2022-01-01_00:00:00,6001,2026-03-07 12:00:00,2026-03-07 13:00:00,46.700752000000000000,ug.m-3,hour,3,3,2026-03-07 13:00:00,,58afd28f-b95c-4977-bab1-8266052f2eb6
IT/SPO.IT0477A_6001_BETA_2022-01-01_00:00:00,6001,2026-03-07 13:00:00,2026-03-07 14:00:00,54.469242000000000000,ug.m-3,hour,3,3,2026-03-07 14:00:00,,6aa15784-d202-49a0-aa77-a73f180408de
IT/SPO.IT0477A_6001_BETA_2022-01-01_00:00:00,6001,2026-03-07 14:00:00,2026-03-07 15:00:00,41.994473000000000000,ug.m-3,hour,3,3,2026-03-07 15:00:00,,0b30cea8-a8a7-4fbf-ad43-208aa2a3d984
IT/SPO.IT0477A_6001_BETA_2022-01-01_00:00:00,6001,2026-03-07 15:00:00,2026-03-07 16:00:00,33.885730000000000000,ug.m-3,hour,3,3,2026-03-07 16:00:00,,6bb3d6c1-7ad3-4026-ba00-3641dfd37fa5
IT/SPO.IT0477A_6001_BETA_2022-01-01_00:00:00,6001,2026-03-07 16:00:00,2026-03-07 17:00:00,36.545414000000000000,ug.m-3,hour,3,3,2026-03-07 17:00:00,,be831132-f99b-4e8a-9296-ba8cab6dd8b8
IT/SPO.IT0477A_6001_BETA_2022-01-01_00:00:00,6001,2026-03-07 17:00:00,2026-03-07 18:00:00,25.581789000000000000,ug.m-3,hour,3,3,2026-03-07 18:00:00,,52c30c72-6513-4669-81b2-4c4d4c1ccc67
IT/SPO.IT0477A_6001_BETA_2022-01-01_00:00:00,6001,2026-03-07 18:00:00,2026-03-07 19:00:00,18.108929000000000000,ug.m-3,hour,3,3,2026-03-07 19:00:00,,4aa55694-ac51-4160-baba-032bff428268
IT/SPO.IT0477A_6001_BETA_2022-01-01_00:00:00,6001,2026-03-07 19:00:00,2026-03-07 20:00:00,18.759647000000000000,ug.m-3,hour,3,3,2026-03-07 20:00:00,,02e0bc7c-3e15-4749-a521-232bc2b31b7f
IT/SPO.IT0477A_6001_BETA_2022-01-01_00:00:00,6001,2026-03-07 20:00:00,2026-03-07 21:00:00,29.763952000000000000,ug.m-3,hour,3,3,2026-03-07 21:00:00,,24fe0f21-7c36-46cd-8887-e1e96cbbcb42
IT/SPO.IT0477A_6001_BETA_2022-01-01_00:00:00,6001,2026-03-07 21:00:00,2026-03-07 22:00:00,30.344273000000000000,ug.m-3,hour,3,3,2026-03-07 22:00:00,,0e861e51-0ff2-4779-84b3-1100b15a68a7
IT/SPO.IT0477A_6001_BETA_2022-01-01_00:00:00,6001,2026-03-07 22:00:00,2026-03-07 23:00:00,26.722551000000000000,ug.m-3,hour,3,3,2026-03-07 23:00:00,,b380ef5b-8e7d-484a-a957-5dc1d85154b2
IT/SPO.IT0477A_6001_BETA_2022-01-01_00:00:00,6001,2026-03-07 23:00:00,2026-03-08 00:00:00,29.809538000000000000,ug.m-3,hour,3,3,2026-03-08 00:00:00,,602ed7ac-2f63-458c-8e71-19ed5f90025d
IT/SPO.IT0477A_6001_BETA_2022-01-01_00:00:00,6001,2026-03-08 00:00:00,2026-03-08 01:00:00,30.277805000000000000,ug.m-3,hour,3,3,2026-03-08 01:00:00,,a9638970-0a50-4a7c-8680-7e533f642f28
IT/SPO.IT0477A_6001_BETA_2022-01-01_00:00:00,6001,2026-03-08 01:00:00,2026-03-08 02:00:00,29.004765000000000000,ug.m-3,hour,3,3,2026-03-08 02:00:00,,39e515a0-c078-4de0-97e7-c0093824ac55
IT/SPO.IT0477A_6001_BETA_2022-01-01_00:00:00,6001,2026-03-08 02:00:00,2026-03-08 03:00:00,37.157394000000000000,ug.m-3,hour,3,3,2026-03-08 03:00:00,,8deee644-0b42-4fd0-b852-68d18cf787c2
IT/SPO.IT0477A_6001_BETA_2022-01-01_00:00:00,6001,2026-03-08 03:00:00,2026-03-08 04:00:00,42.575615000000000000,ug.m-3,hour,3,3,2026-03-08 04:00:00,,752ec398-6d7b-48ef-a1ab-c7cb7002f9ce
IT/SPO.IT0477A_6001_BETA_2022-01-01_00:00:00,6001,2026-03-08 04:00:00,2026-03-08 05:00:00,37.168243000000000000,ug.m-3,hour,3,3,2026-03-08 05:00:00,,90f78d17-3a8c-448e-bf53-afef3b0e640a
IT/SPO.IT0477A_6001_BETA_2022-01-01_00:00:00,6001,2026-03-08 05:00:00,2026-03-08 06:00:00,48.013477000000000000,ug.m-3,hour,3,3,2026-03-08 06:00:00,,dc988b9c-2230-479b-9947-3d8ab13b1da2
IT/SPO.IT0477A_6001_BETA_2022-01-01_00:00:00,6001,2026-03-08 06:00:00,2026-03-08 07:00:00,36.743492000000000000,ug.m-3,hour,3,3,2026-03-08 07:00:00,,f3e4c4b9-fb6b-4f4f-86e8-1695d10deafd
IT/SPO.IT0477A_6001_BETA_2022-01-01_00:00:00,6001,2026-03-08 07:00:00,2026-03-08 08:00:00,43.396710000000000000,ug.m-3,hour,3,3,2026-03-08 08:00:00,,bcf465ef-27db-45ae-a7f3-39b472869a3a
IT/SPO.IT0477A_6001_BETA_2022-01-01_00:00:00,6001,2026-03-08 08:00:00,2026-03-08 09:00:00,40.470737000000000000,ug.m-3,hour,3,3,2026-03-08 09:00:00,,630b0bc4-1d99-4821-8ae9-61709c07b12e
IT/SPO.IT0477A_6001_BETA_2022-01-01_00:00:00,6001,2026-03-08 09:00:00,2026-03-08 10:00:00,43.173040000000000000,ug.m-3,hour,3,3,2026-03-08 10:00:00,,9142ce78-4f62-499a-86dc-03e30e6684a8
IT/SPO.IT0477A_6001_BETA_2022-01-01_00:00:00,6001,2026-03-08 10:00:00,2026-03-08 11:00:00,46.957100000000000000,ug.m-3,hour,3,3,2026-03-08 11:00:00,,78f76f1a-b630-400f-8257-372253271100
IT/SPO.IT0477A_6001_BETA_2022-01-01_00:00:00,6001,2026-03-08 11:00:00,2026-03-08 12:00:00,43.710274000000000000,ug.m-3,hour,3,3,2026-03-08 12:00:00,,4540dc53-bcdd-4328-916b-2039c99d2949
IT/SPO.IT0477A_6001_BETA_2022-01-01_00:00:00,6001,2026-03-08 12:00:00,2026-03-08 13:00:00,39.928910000000000000,ug.m-3,hour,3,3,2026-03-08 13:00:00,,27f0d87a-e7ea-4403-bb78-14d4c01d4a6d
IT/SPO.IT0477A_6001_BETA_2022-01-01_00:00:00,6001,2026-03-08 13:00:00,2026-03-08 14:00:00,38.023500000000000000,ug.m-3,hour,3,3,2026-03-08 14:00:00,,cf2cd738-e846-4f9a-b8a4-34a072383552
IT/SPO.IT0477A_6001_BETA_2022-01-01_00:00:00,6001,2026-03-08 14:00:00,2026-03-08 15:00:00,39.953190000000000000,ug.m-3,hour,3,3,2026-03-08 15:00:00,,1da1ccfa-87e2-40ef-9f4b-e16c090a4c1e
IT/SPO.IT0477A_6001_BETA_2022-01-01_00:00:00,6001,2026-03-08 15:00:00,2026-03-08 16:00:00,34.741734000000000000,ug.m-3,hour,3,3,2026-03-08 16:00:00,,1e04aae5-78ea-4872-b535-87fd1d91733d
IT/SPO.IT0477A_6001_BETA_2022-01-01_00:00:00,6001,2026-03-08 16:00:00,2026-03-08 17:00:00,31.641570000000000000,ug.m-3,hour,3,3,2026-03-08 17:00:00,,471533a3-f11d-4c1f-af01-375bde1fb4a5
IT/SPO.IT0477A_6001_BETA_2022-01-01_00:00:00,6001,2026-03-08 17:00:00,2026-03-08 18:00:00,22.149097000000000000,ug.m-3,hour,3,3,2026-03-08 18:00:00,,d69c5a20-0291-4beb-a191-0113b47eb1f0
IT/SPO.IT0477A_6001_BETA_2022-01-01_00:00:00,6001,2026-03-08 18:00:00,2026-03-08 19:00:00,19.159103000000000000,ug.m-3,hour,3,3,2026-03-08 19:00:00,,692dcdd1-ba11-4ff5-a24c-5fba06e702d1
IT/SPO.IT0477A_6001_BETA_2022-01-01_00:00:00,6001,2026-03-08 19:00:00,2026-03-08 20:00:00,26.809520000000000000,ug.m-3,hour,3,3,2026-03-08 20:00:00,,b2518112-eaaf-4830-9dae-d61692d16fb3
IT/SPO.IT0477A_6001_BETA_2022-01-01_00:00:00,6001,2026-03-08 20:00:00,2026-03-08 21:00:00,29.677956000000000000,ug.m-3,hour,3,3,2026-03-08 21:00:00,,d6ccc211-b719-4fd1-b132-1fd6f406fd1e
IT/SPO.IT0477A_6001_BETA_2022-01-01_00:00:00,6001,2026-03-08 21:00:00,2026-03-08 22:00:00,23.047232000000000000,ug.m-3,hour,3,3,2026-03-08 22:00:00,,76c1d57c-6d02-4b8d-a98d-b63751484357
IT/SPO.IT0477A_6001_BETA_2022-01-01_00:00:00,6001,2026-03-08 22:00:00,2026-03-08 23:00:00,32.401830000000000000,ug.m-3,hour,3,3,2026-03-08 23:00:00,,6080e2a9-1591-42af-af4e-3a51a4b2a6dc
IT/SPO.IT0477A_6001_BETA_2022-01-01_00:00:00,6001,2026-03-08 23:00:00,2026-03-09 00:00:00,28.546118000000000000,ug.m-3,hour,3,3,2026-03-09 00:00:00,,4c1b1485-a6a7-4ebf-ba4e-4f7c62bb7602
IT/SPO.IT0477A_6001_BETA_2022-01-01_00:00:00,6001,2026-03-09 00:00:00,2026-03-09 01:00:00,29.677929000000000000,ug.m-3,hour,3,3,2026-03-09 01:00:00,,459fd8bc-ca33-4db6-ab5e-0fdc6613d342
IT/SPO.IT0477A_6001_BETA_2022-01-01_00:00:00,6001,2026-03-09 01:00:00,2026-03-09 02:00:00,40.035286000000000000,ug.m-3,hour,3,3,2026-03-09 02:00:00,,8e029dc5-14ef-494c-a5ca-8c08ecce861b
IT/SPO.IT0477A_6001_BETA_2022-01-01_00:00:00,6001,2026-03-09 02:00:00,2026-03-09 03:00:00,38.310303000000000000,ug.m-3,hour,3,3,2026-03-09 03:00:00,,9328529c-fccf-4399-baac-bacbef20cc2f
IT/SPO.IT0477A_6001_BETA_2022-01-01_00:00:00,6001,2026-03-09 03:00:00,2026-03-09 04:00:00,43.589645000000000000,ug.m-3,hour,3,3,2026-03-09 04:00:00,,ef6f3aa2-ef95-49a1-a7c1-4863439c6a2d
IT/SPO.IT0477A_6001_BETA_2022-01-01_00:00:00,6001,2026-03-09 04:00:00,2026-03-09 05:00:00,40.969437000000000000,ug.m-3,hour,3,3,2026-03-09 05:00:00,,279494b8-74a5-41f7-ba5a-b4dbfad191d6
IT/SPO.IT0477A_6001_BETA_2022-01-01_00:00:00,6001,2026-03-09 05:00:00,2026-03-09 06:00:00,38.241890000000000000,ug.m-3,hour,3,3,2026-03-09 06:00:00,,aa061a72-b22e-4c51-bd3a-c9ef6a21ce1e
IT/SPO.IT0477A_6001_BETA_2022-01-01_00:00:00,6001,2026-03-09 06:00:00,2026-03-09 07:00:00,42.942627000000000000,ug.m-3,hour,3,3,2026-03-09 07:00:00,,a760ce47-ea84-4ea3-b207-62df852fbfb5
IT/SPO.IT0477A_6001_BETA_2022-01-01_00:00:00,6001,2026-03-09 07:00:00,2026-03-09 08:00:00,40.389145000000000000,ug.m-3,hour,3,3,2026-03-09 08:00:00,,cf833f8a-919f-412b-b56d-1a1218300df7
IT/SPO.IT0477A_6001_BETA_2022-01-01_00:00:00,6001,2026-03-09 08:00:00,2026-03-09 09:00:00,40.982002000000000000,ug.m-3,hour,3,3,2026-03-09 09:00:00,,de3c0295-2f87-4c93-b385-b79063db826d
IT/SPO.IT0477A_6001_BETA_2022-01-01_00:00:00,6001,2026-03-09 09:00:00,2026-03-09 10:00:00,36.890038000000000000,ug.m-3,hour,3,3,2026-03-09 10:00:00,,6174a4df-2402-47b0-bb9a-0722c4a3ce82
IT/SPO.IT0477A_6001_BETA_2022-01-01_00:00:00,6001,2026-03-09 10:00:00,2026-03-09 11:00:00,45.518406000000000000,ug.m-3,hour,3,3,2026-03-09 11:00:00,,e8f3dce3-285b-48ed-8499-854f60718699
IT/SPO.IT0477A_6001_BETA_2022-01-01_00:00:00,6001,2026-03-09 11:00:00,2026-03-09 12:00:00,52.101025000000000000,ug.m-3,hour,3,3,2026-03-09 12:00:00,,ae7c566e-28fb-474b-9292-392e7279d48d
IT/SPO.IT0477A_6001_BETA_2022-01-01_00:00:00,6001,2026-03-09 12:00:00,2026-03-09 13:00:00,45.671482000000000000,ug.m-3,hour,3,3,2026-03-09 13:00:00,,d125a24c-811e-4b54-8c5d-1d8588c95c47
IT/SPO.IT0477A_6001_BETA_2022-01-01_00:00:00,6001,2026-03-09 13:00:00,2026-03-09 14:00:00,43.659980000000000000,ug.m-3,hour,3,3,2026-03-09 14:00:00,,333445ee-6899-4471-bd36-722f45f536d1
IT/SPO.IT0477A_6001_BETA_2022-01-01_00:00:00,6001,2026-03-09 14:00:00,2026-03-09 15:00:00,42.031506000000000000,ug.m-3,hour,3,3,2026-03-09 15:00:00,,865c44d5-fdf8-4c4d-ae84-4c421bf587e9
IT/SPO.IT0477A_6001_BETA_2022-01-01_00:00:00,6001,2026-03-09 15:00:00,2026-03-09 16:00:00,34.667390000000000000,ug.m-3,hour,3,3,2026-03-09 16:00:00,,a645941b-e4d7-443c-95d9-522e059a1f85
IT/SPO.IT0477A_6001_BETA_2022-01-01_00:00:00,6001,2026-03-09 16:00:00,2026-03-09 17:00:00,24.267172000000000000,ug.m-3,hour,3,3,2026-03-09 17:00:00,,649e1b38-03ec-48d1-ade1-55f42ef178fa
IT/SPO.IT0477A_6001_BETA_2022-01-01_00:00:00,6001,2026-03-09 17:00:00,2026-03-09 18:00:00,20.146217000000000000,ug.m-3,hour,3,3,2026-03-09 18:00:00,,1b58833d-860b-4bb1-84c6-a306f64fcdc3
IT/SPO.IT0477A_6001_BETA_2022-01-01_00:00:00,6001,2026-03-09 18:00:00,2026-03-09 19:00:00,28.491089000000000000,ug.m-3,hour,3,3,2026-03-09 19:00:00,,6a4dc7e5-0b00-4334-8382-ce4ef246732d
IT/SPO.IT0477A_6001_BETA_2022-01-01_00:00:00,6001,2026-03-09 19:00:00,2026-03-09 20:00:00,40.444912000000000000,ug.m-3,hour,3,3,2026-03-09 20:00:00,,2e768427-a392-4da4-b8a0-d85e39ed9f77
IT/SPO.IT0477A_6001_BETA_2022-01-01_00:00:00,6001,2026-03-09 20:00:00,2026-03-09 21:00:00,37.252968000000000000,ug.m-3,hour,3,3,2026-03-09 21:00:00,,8ee8fa4d-fd38-40f6-93c9-5a66e7c40ccf
IT/SPO.IT0477A_6001_BETA_2022-01-01_00:00:00,6001,2026-03-09 21:00:00,2026-03-09 22:00:00,47.276510000000000000,ug.m-3,hour,3,3,2026-03-09 22:00:00,,e6fc7f1a-483e-4fa8-a435-b5383580010c
IT/SPO.IT0477A_6001_BETA_2022-01-01_00:00:00,6001,2026-03-09 22:00:00,2026-03-09 23:00:00,38.407780000000000000,ug.m-3,hour,3,3,2026-03-09 23:00:00,,4e155935-5dea-4fea-8c63-8c64affec129
IT/SPO.IT0477A_6001_BETA_2022-01-01_00:00:00,6001,2026-03-09 23:00:00,2026-03-10 00:00:00,31.415834000000000000,ug.m-3,hour,3,3,2026-03-10 00:00:00,,3bc79485-3eae-446d-bca9-5f0d41e3fc0b
IT/SPO.IT0477A_6001_BETA_2022-01-01_00:00:00,6001,2026-03-10 00:00:00,2026-03-10 01:00:00,51.004677000000000000,ug.m-3,hour,3,3,2026-03-10 01:00:00,,9bbf8c14-ec9d-454e-8172-7e0357985d1e
IT/SPO.IT0477A_6001_BETA_2022-01-01_00:00:00,6001,2026-03-10 01:00:00,2026-03-10 02:00:00,54.178368000000000000,ug.m-3,hour,3,3,2026-03-10 02:00:00,,314d70fc-b75c-4c41-8c78-d6a71f949ce8
IT/SPO.IT0477A_6001_BETA_2022-01-01_00:00:00,6001,2026-03-10 02:00:00,2026-03-10 03:00:00,49.402490000000000000,ug.m-3,hour,3,3,2026-03-10 03:00:00,,a05f5b35-8cc9-4270-b236-c5351f9d0790
IT/SPO.IT0477A_6001_BETA_2022-01-01_00:00:00,6001,2026-03-10 03:00:00,2026-03-10 04:00:00,39.153090000000000000,ug.m-3,hour,3,3,2026-03-10 04:00:00,,2b215b5d-52fb-4157-8f21-e9f8f76cb527
IT/SPO.IT0477A_6001_BETA_2022-01-01_00:00:00,6001,2026-03-10 04:00:00,2026-03-10 05:00:00,47.102730000000000000,ug.m-3,hour,3,3,2026-03-10 05:00:00,,00ad199a-1443-4eaf-bab2-e21f59e0809d
IT/SPO.IT0477A_6001_BETA_2022-01-01_00:00:00,6001,2026-03-10 05:00:00,2026-03-10 06:00:00,54.269123000000000000,ug.m-3,hour,3,3,2026-03-10 06:00:00,,950f16c4-d335-482d-984f-5dbf987b23e5
IT/SPO.IT0477A_6001_BETA_2022-01-01_00:00:00,6001,2026-03-10 06:00:00,2026-03-10 07:00:00,52.302002000000000000,ug.m-3,hour,3,3,2026-03-10 07:00:00,,9d9379c8-7fcc-448b-b169-984a980355fc
IT/SPO.IT0477A_6001_BETA_2022-01-01_00:00:00,6001,2026-03-10 07:00:00,2026-03-10 08:00:00,48.650530000000000000,ug.m-3,hour,3,3,2026-03-10 08:00:00,,8d2aba0f-475b-4027-bb05-d974f21c2cac
IT/SPO.IT0477A_6001_BETA_2022-01-01_00:00:00,6001,2026-03-10 08:00:00,2026-03-10 09:00:00,57.520020000000000000,ug.m-3,hour,3,3,2026-03-10 09:00:00,,5dddc441-7ba4-432c-8601-2294cbffa826
IT/SPO.IT0477A_6001_BETA_2022-01-01_00:00:00,6001,2026-03-10 09:00:00,2026-03-10 10:00:00,52.263390000000000000,ug.m-3,hour,3,3,2026-03-10 10:00:00,,062cad54-6153-4212-9f1a-5458fdf54597
IT/SPO.IT0477A_6001_BETA_2022-01-01_00:00:00,6001,2026-03-10 10:00:00,2026-03-10 11:00:00,50.676296000000000000,ug.m-3,hour,3,3,2026-03-10 11:00:00,,db7f6812-b5ec-4661-9d48-d4e589d0dbd0
IT/SPO.IT0477A_6001_BETA_2022-01-01_00:00:00,6001,2026-03-10 11:00:00,2026-03-10 12:00:00,54.006000000000000000,ug.m-3,hour,3,3,2026-03-10 12:00:00,,23112e97-30f5-4551-8d29-75dacdde811b
IT/SPO.IT0477A_6001_BETA_2022-01-01_00:00:00,6001,2026-03-10 12:00:00,2026-03-10 13:00:00,54.597866000000000000,ug.m-3,hour,3,3,2026-03-10 13:00:00,,f6dcb2fd-2984-4943-90dc-d351432501fe
IT/SPO.IT0477A_6001_BETA_2022-01-01_00:00:00,6001,2026-03-10 13:00:00,2026-03-10 14:00:00,48.863277000000000000,ug.m-3,hour,3,3,2026-03-10 14:00:00,,a5c9e7a1-8e23-444d-a2cb-847c0164363c
IT/SPO.IT0477A_6001_BETA_2022-01-01_00:00:00,6001,2026-03-10 14:00:00,2026-03-10 15:00:00,42.519240000000000000,ug.m-3,hour,3,3,2026-03-10 16:00:00,,5c5fb719-8cfa-4531-9318-f075e90cc1b8
IT/SPO.IT0477A_6001_BETA_2022-01-01_00:00:00,6001,2026-03-10 15:00:00,2026-03-10 16:00:00,40.993526000000000000,ug.m-3,hour,3,3,2026-03-10 16:00:00,,5c5fb719-8cfa-4531-9318-f075e90cc1b8
IT/SPO.IT0477A_6001_BETA_2022-01-01_00:00:00,6001,2026-03-10 16:00:00,2026-03-10 17:00:00,45.214860000000000000,ug.m-3,hour,3,3,2026-03-10 17:00:00,,f5562b61-5362-49ce-8bf3-31e03909c4c9
IT/SPO.IT0477A_6001_BETA_2022-01-01_00:00:00,6001,2026-03-10 17:00:00,2026-03-10 18:00:00,45.431202000000000000,ug.m-3,hour,3,3,2026-03-10 18:00:00,,60987a7c-ea99-4db9-91cf-01f3f4b28a8f
IT/SPO.IT0477A_6001_BETA_2022-01-01_00:00:00,6001,2026-03-10 18:00:00,2026-03-10 19:00:00,38.407760000000000000,ug.m-3,hour,3,3,2026-03-10 19:00:00,,f7f54484-4730-44eb-9a80-010df92f4c0a
IT/SPO.IT0477A_6001_BETA_2022-01-01_00:00:00,6001,2026-03-10 19:00:00,2026-03-10 20:00:00,44.973526000000000000,ug.m-3,hour,3,3,2026-03-10 20:00:00,,092e1467-7d5f-4a1e-a393-8bb0a84bade7
IT/SPO.IT0477A_6001_BETA_2022-01-01_00:00:00,6001,2026-03-10 20:00:00,2026-03-10 21:00:00,51.022903000000000000,ug.m-3,hour,3,3,2026-03-10 21:00:00,,78a5e04a-8e49-4a99-bc24-0a74ef5f5bb6
IT/SPO.IT0477A_6001_BETA_2022-01-01_00:00:00,6001,2026-03-10 21:00:00,2026-03-10 22:00:00,47.498627000000000000,ug.m-3,hour,3,3,2026-03-10 22:00:00,,4b653ffe-92ff-467c-b35a-9479bdd4b7d0
IT/SPO.IT0477A_6001_BETA_2022-01-01_00:00:00,6001,2026-03-10 22:00:00,2026-03-10 23:00:00,54.393623000000000000,ug.m-3,hour,3,3,2026-03-10 23:00:00,,8369ab8b-bf62-41a3-b289-c87974aab3eb
IT/SPO.IT0477A_6001_BETA_2022-01-01_00:00:00,6001,2026-03-10 23:00:00,2026-03-11 00:00:00,43.777180000000000000,ug.m-3,hour,3,3,2026-03-11 00:00:00,,8e6745e7-33a7-4e1f-8ec6-6df453e0d990
IT/SPO.IT0477A_6001_BETA_2022-01-01_00:00:00,6001,2026-03-11 00:00:00,2026-03-11 01:00:00,49.969437000000000000,ug.m-3,hour,3,3,2026-03-11 01:00:00,,24132ba0-e0dc-41c0-a246-b97871c32fcb
IT/SPO.IT0477A_6001_BETA_2022-01-01_00:00:00,6001,2026-03-11 01:00:00,2026-03-11 02:00:00,53.257008000000000000,ug.m-3,hour,3,3,2026-03-11 02:00:00,,1cfd0dfa-7120-48cc-8bb3-ac0d25b5bed3
IT/SPO.IT0477A_6001_BETA_2022-01-01_00:00:00,6001,2026-03-11 02:00:00,2026-03-11 03:00:00,56.364840000000000000,ug.m-3,hour,3,3,2026-03-11 03:00:00,,96409413-deac-4e0d-b49c-cc60ca045b4a
IT/SPO.IT0477A_6001_BETA_2022-01-01_00:00:00,6001,2026-03-11 03:00:00,2026-03-11 04:00:00,54.434430000000000000,ug.m-3,hour,3,3,2026-03-11 04:00:00,,5e38a457-031e-4bb1-a6e8-b52b1ac6752c
IT/SPO.IT0477A_6001_BETA_2022-01-01_00:00:00,6001,2026-03-11 04:00:00,2026-03-11 05:00:00,57.549683000000000000,ug.m-3,hour,3,3,2026-03-11 05:00:00,,64bf0c97-784b-40ec-bc0f-fd6f78d298f8
IT/SPO.IT0477A_6001_BETA_2022-01-01_00:00:00,6001,2026-03-11 05:00:00,2026-03-11 06:00:00,54.133400000000000000,ug.m-3,hour,3,3,2026-03-11 06:00:00,,927f9dbe-bc67-477c-851b-8f3f020095b8
IT/SPO.IT0477A_6001_BETA_2022-01-01_00:00:00,6001,2026-03-11 06:00:00,2026-03-11 07:00:00,48.644238000000000000,ug.m-3,hour,3,3,2026-03-11 07:00:00,,b653cc65-9904-4029-b2e6-2808b024476b
IT/SPO.IT0477A_6001_BETA_2022-01-01_00:00:00,6001,2026-03-11 07:00:00,2026-03-11 08:00:00,49.977325000000000000,ug.m-3,hour,3,3,2026-03-11 08:00:00,,99df63da-c159-408b-84fd-81984b2160f2
IT/SPO.IT0477A_6001_BETA_2022-01-01_00:00:00,6001,2026-03-11 08:00:00,2026-03-11 09:00:00,46.822506000000000000,ug.m-3,hour,3,3,2026-03-11 09:00:00,,1510f43b-ea2e-48cc-852b-bc3ca3cd91e8
IT/SPO.IT0477A_6001_BETA_2022-01-01_00:00:00,6001,2026-03-11 09:00:00,2026-03-11 10:00:00,57.208260000000000000,ug.m-3,hour,3,3,2026-03-11 10:00:00,,c6b59e27-6f2e-4242-9945-0f466f01d844
IT/SPO.IT0477A_6001_BETA_2022-01-01_00:00:00,6001,2026-03-11 10:00:00,2026-03-11 11:00:00,58.851875000000000000,ug.m-3,hour,3,3,2026-03-11 11:00:00,,177988c7-88b6-4d73-8441-88fd055985aa
IT/SPO.IT0477A_6001_BETA_2022-01-01_00:00:00,6001,2026-03-11 11:00:00,2026-03-11 12:00:00,64.350780000000000000,ug.m-3,hour,3,3,2026-03-11 12:00:00,,bd8b206f-92bb-4815-bc91-0971e5b16512
IT/SPO.IT0477A_6001_BETA_2022-01-01_00:00:00,6001,2026-03-11 12:00:00,2026-03-11 13:00:00,55.052757000000000000,ug.m-3,hour,3,3,2026-03-11 13:00:00,,300076a4-0956-461c-9b82-7dc49e7900c3
IT/SPO.IT0477A_6001_BETA_2022-01-01_00:00:00,6001,2026-03-11 13:00:00,2026-03-11 14:00:00,59.533070000000000000,ug.m-3,hour,3,3,2026-03-11 14:00:00,,0faca9ad-6dc8-42bc-b15f-a0f3ef3ec417
IT/SPO.IT0477A_6001_BETA_2022-01-01_00:00:00,6001,2026-03-11 14:00:00,2026-03-11 15:00:00,45.222504000000000000,ug.m-3,hour,3,3,2026-03-11 15:00:00,,90455539-bcc6-4f1e-b113-eff213100f3b
IT/SPO.IT0477A_6001_BETA_2022-01-01_00:00:00,6001,2026-03-11 15:00:00,2026-03-11 16:00:00,55.443054000000000000,ug.m-3,hour,3,3,2026-03-11 16:00:00,,a4f1a7f5-2df4-4012-bc52-54084e988d24
IT/SPO.IT0477A_6001_BETA_2022-01-01_00:00:00,6001,2026-03-11 16:00:00,2026-03-11 17:00:00,49.658417000000000000,ug.m-3,hour,3,3,2026-03-11 17:00:00,,b78478b6-ddbd-41fc-b818-b3a5c0686011
IT/SPO.IT0477A_6001_BETA_2022-01-01_00:00:00,6001,2026-03-11 17:00:00,2026-03-11 18:00:00,42.200110000000000000,ug.m-3,hour,3,3,2026-03-11 18:00:00,,b15033ee-4f80-4eeb-9a35-d44bad0b30c3
IT/SPO.IT0477A_6001_BETA_2022-01-01_00:00:00,6001,2026-03-11 18:00:00,2026-03-11 19:00:00,38.234596000000000000,ug.m-3,hour,3,3,2026-03-11 19:00:00,,c4cae639-76df-47fd-81d7-cf6e6e3b6a7c
IT/SPO.IT0477A_6001_BETA_2022-01-01_00:00:00,6001,2026-03-11 19:00:00,2026-03-11 20:00:00,42.233450000000000000,ug.m-3,hour,3,3,2026-03-11 20:00:00,,a32684a3-083b-4b87-a961-0b160a2d5042
IT/SPO.IT0477A_6001_BETA_2022-01-01_00:00:00,6001,2026-03-11 20:00:00,2026-03-11 21:00:00,37.414420000000000000,ug.m-3,hour,3,3,2026-03-11 21:00:00,,39765bdf-81a6-42b3-b753-d5371a760bf2
IT/SPO.IT0477A_6001_BETA_2022-01-01_00:00:00,6001,2026-03-11 21:00:00,2026-03-11 22:00:00,26.190094000000000000,ug.m-3,hour,3,3,2026-03-11 22:00:00,,8c6c9c17-db58-4ef2-b99c-f2d7d83fe226
IT/SPO.IT0477A_6001_BETA_2022-01-01_00:00:00,6001,2026-03-11 22:00:00,2026-03-11 23:00:00,32.191300000000000000,ug.m-3,hour,3,3,2026-03-11 23:00:00,,f9b2c454-45cd-4433-90f7-54198809d808
IT/SPO.IT0477A_6001_BETA_2022-01-01_00:00:00,6001,2026-03-11 23:00:00,2026-03-12 00:00:00,40.821583000000000000,ug.m-3,hour,3,3,2026-03-12 00:00:00,,6438b778-ad1a-4e92-9f8e-b8e7b8983493
IT/SPO.IT0477A_6001_BETA_2022-01-01_00:00:00,6001,2026-03-12 00:00:00,2026-03-12 01:00:00,36.924458000000000000,ug.m-3,hour,3,3,2026-03-12 01:00:00,,aa4ca793-deab-4aab-a216-bcc127e376a8
IT/SPO.IT0477A_6001_BETA_2022-01-01_00:00:00,6001,2026-03-12 01:00:00,2026-03-12 02:00:00,30.906813000000000000,ug.m-3,hour,3,3,2026-03-12 02:00:00,,6d287b90-968b-44bd-972b-421135ca2be9
IT/SPO.IT0477A_6001_BETA_2022-01-01_00:00:00,6001,2026-03-12 02:00:00,2026-03-12 03:00:00,37.422226000000000000,ug.m-3,hour,3,3,2026-03-12 03:00:00,,56827a38-7783-48ca-8006-63231b317b89
IT/SPO.IT0477A_6001_BETA_2022-01-01_00:00:00,6001,2026-03-12 03:00:00,2026-03-12 04:00:00,41.397324000000000000,ug.m-3,hour,3,3,2026-03-12 04:00:00,,c2ab64ca-04d6-4138-8ca3-1fddcd8e268a
IT/SPO.IT0477A_6001_BETA_2022-01-01_00:00:00,6001,2026-03-12 04:00:00,2026-03-12 05:00:00,44.726974000000000000,ug.m-3,hour,3,3,2026-03-12 05:00:00,,5a501332-d16a-4012-a616-66e5b959c2e1
IT/SPO.IT0477A_6001_BETA_2022-01-01_00:00:00,6001,2026-03-12 05:00:00,2026-03-12 06:00:00,41.679820000000000000,ug.m-3,hour,3,3,2026-03-12 06:00:00,,aa135779-00a5-4b52-904a-0453839deaa1
IT/SPO.IT0477A_6001_BETA_2022-01-01_00:00:00,6001,2026-03-12 06:00:00,2026-03-12 07:00:00,46.966110000000000000,ug.m-3,hour,3,3,2026-03-12 07:00:00,,ea1d3deb-2dd7-45a9-8772-84bdaa4d792b
IT/SPO.IT0477A_6001_BETA_2022-01-01_00:00:00,6001,2026-03-12 07:00:00,2026-03-12 08:00:00,46.570496000000000000,ug.m-3,hour,3,3,2026-03-12 08:00:00,,319c4e58-6739-42eb-80ce-ebe7061f7203
IT/SPO.IT0477A_6001_BETA_2022-01-01_00:00:00,6001,2026-03-12 08:00:00,2026-03-12 09:00:00,40.520750000000000000,ug.m-3,hour,3,3,2026-03-12 09:00:00,,8f134dc3-d423-492e-bd8e-afcd9a9ff8f3
IT/SPO.IT0477A_6001_BETA_2022-01-01_00:00:00,6001,2026-03-12 09:00:00,2026-03-12 10:00:00,41.960182000000000000,ug.m-3,hour,3,3,2026-03-12 10:00:00,,32c158e9-8df0-42a9-bf1c-5026600b32fb
IT/SPO.IT0477A_6001_BETA_2022-01-01_00:00:00,6001,2026-03-12 10:00:00,2026-03-12 11:00:00,40.161540000000000000,ug.m-3,hour,3,3,2026-03-12 11:00:00,,8ac1317d-c11f-4cef-b0ff-63eea61abe85
IT/SPO.IT0477A_6001_BETA_2022-01-01_00:00:00,6001,2026-03-12 11:00:00,2026-03-12 12:00:00,41.950733000000000000,ug.m-3,hour,3,3,2026-03-12 12:00:00,,ba93a4e7-3e2e-4cc0-a3ff-d65098f1e937
IT/SPO.IT0477A_6001_BETA_2022-01-01_00:00:00,6001,2026-03-12 12:00:00,2026-03-12 13:00:00,46.650352000000000000,ug.m-3,hour,3,3,2026-03-12 13:00:00,,d220f370-9539-456e-840d-49a88156c070
IT/SPO.IT0477A_6001_BETA_2022-01-01_00:00:00,6001,2026-03-12 13:00:00,2026-03-12 14:00:00,41.888435000000000000,ug.m-3,hour,3,3,2026-03-12 14:00:00,,8458a112-ed4b-4dd6-9fe6-10fa715943f4
IT/SPO.IT0477A_6001_BETA_2022-01-01_00:00:00,6001,2026-03-12 14:00:00,2026-03-12 15:00:00,47.086640000000000000,ug.m-3,hour,3,3,2026-03-12 15:00:00,,041392de-ba9e-42ca-a4e9-499828c472ca
IT/SPO.IT0477A_6001_BETA_2022-01-01_00:00:00,6001,2026-03-12 15:00:00,2026-03-12 16:00:00,36.528423000000000000,ug.m-3,hour,3,3,2026-03-12 16:00:00,,a01855cf-f01c-4a18-800b-bc1f7f4b8912
IT/SPO.IT0477A_6001_BETA_2022-01-01_00:00:00,6001,2026-03-12 16:00:00,2026-03-12 17:00:00,27.141212000000000000,ug.m-3,hour,3,3,2026-03-12 17:00:00,,832df9f4-f8ff-42f2-a51a-e4b6afdf26d5
IT/SPO.IT0477A_6001_BETA_2022-01-01_00:00:00,6001,2026-03-12 17:00:00,2026-03-12 18:00:00,18.998848000000000000,ug.m-3,hour,3,3,2026-03-12 18:00:00,,d73e4de8-a089-4a77-9270-0f12c80ba5f0
IT/SPO.IT0477A_6001_BETA_2022-01-01_00:00:00,6001,2026-03-12 18:00:00,2026-03-12 19:00:00,17.180943000000000000,ug.m-3,hour,3,3,2026-03-12 19:00:00,,b39cf321-edd8-4fc3-826e-5738df35a15b
IT/SPO.IT0477A_6001_BETA_2022-01-01_00:00:00,6001,2026-03-12 19:00:00,2026-03-12 20:00:00,16.639767000000000000,ug.m-3,hour,3,3,2026-03-12 20:00:00,,a36cce86-126c-413a-b771-12ad65d19c37
IT/SPO.IT0477A_6001_BETA_2022-01-01_00:00:00,6001,2026-03-12 20:00:00,2026-03-12 21:00:00,19.730074000000000000,ug.m-3,hour,3,3,2026-03-12 21:00:00,,75583921-919e-40bb-9fad-a3557ea9e8e7
IT/SPO.IT0477A_6001_BETA_2022-01-01_00:00:00,6001,2026-03-12 21:00:00,2026-03-12 22:00:00,24.368057000000000000,ug.m-3,hour,3,3,2026-03-12 22:00:00,,26e5824f-5f21-48fa-964b-b454c798e893
IT/SPO.IT0477A_6001_BETA_2022-01-01_00:00:00,6001,2026-03-12 22:00:00,2026-03-12 23:00:00,17.057640000000000000,ug.m-3,hour,3,3,2026-03-12 23:00:00,,78e34d94-a438-4618-9ae0-5b332c263a7f
IT/SPO.IT0477A_6001_BETA_2022-01-01_00:00:00,6001,2026-03-12 23:00:00,2026-03-13 00:00:00,25.789223000000000000,ug.m-3,hour,3,3,2026-03-13 00:00:00,,7cbd2364-3c5e-44f0-80b2-d29961cd5cde
